AWND,NDVI,PGTM,PRCP,TAVG,TMIN,WDF2,WDF5,WSF2,WSF5,WT01,WT02,WT03,WT04,WT05,WT07,WT08,WT14,WT16,TMAX
2.5,0.44881731253145446,1420.0,0.0,17.2,11.7,290.0,320.0,9.4,13.0,0.0,0.0,0.0,0.0,0.0,0.0,0.0,0.0,0.0,22.2
2.7,0.44881731253145446,1548.0,0.0,0.0,14.4,350.0,350.0,8.1,9.8,0.0,0.0,0.0,0.0,0.0,0.0,0.0,0.0,0.0,25.6
2.2,0.44881731253145446,1519.0,0.0,20.0,13.3,340.0,340.0,8.0,9.4,0.0,0.0,0.0,0.0,0.0,0.0,0.0,0.0,0.0,26.1
1.3,0.44881731253145446,1531.0,0.0,0.0,14.4,340.0,340.0,5.8,6.7,0.0,0.0,0.0,0.0,0.0,0.0,0.0,0.0,0.0,28.9
0.8,0.44881731253145446,1520.0,0.0,0.0,8.3,0.0,0.0,0.0,0.0,0.0,0.0,0.0,0.0,0.0,0.0,0.0,0.0,0.0,21.1
1.0,0.44881731253145446,1614.0,1.3,0.0,6.1,30.0,30.0,4.0,5.4,1.0,0.0,0.0,0.0,0.0,0.0,0.0,0.0,0.0,8.3
1.9,0.44881731253145446,1502.0,0.0,26.7,17.2,340.0,340.0,7.2,8.0,0.0,0.0,0.0,0.0,0.0,0.0,0.0,0.0,0.0,35.6
1.8,0.44881731253145446,1826.0,0.0,15.6,7.2,350.0,350.0,6.7,7.6,0.0,0.0,0.0,0.0,0.0,0.0,0.0,0.0,0.0,23.3
3.5,0.44881731253145446,0.0,0.0,0.0,12.2,350.0,360.0,9.8,11.2,0.0,0.0,0.0,0.0,0.0,0.0,0.0,0.0,0.0,24.4
4.4,0.44881731253145446,1200.0,1.5,11.1,7.8,170.0,160.0,10.3,13.0,0.0,0.0,0.0,0.0,0.0,0.0,0.0,0.0,0.0,14.4
4.0,0.44881731253145446,0.0,0.0,0.0,13.3,350.0,360.0,9.4,11.2,0.0,0.0,0.0,0.0,0.0,0.0,0.0,0.0,0.0,21.1
2.9,0.44881731253145446,1155.0,0.0,0.0,9.4,0.0,0.0,0.0,0.0,0.0,0.0,0.0,0.0,0.0,0.0,0.0,0.0,0.0,20.6
2.9,0.44881731253145446,0.0,0.0,0.0,14.4,340.0,340.0,9.4,11.2,0.0,0.0,0.0,0.0,0.0,0.0,0.0,0.0,0.0,27.2
1.6,0.44881731253145446,1413.0,0.3,13.9,10.6,340.0,340.0,5.4,5.8,0.0,0.0,0.0,0.0,0.0,0.0,0.0,0.0,0.0,17.2
2.0,0.44881731253145446,20.0,3.8,13.9,9.4,120.0,120.0,6.7,7.6,0.0,0.0,0.0,0.0,0.0,0.0,0.0,0.0,0.0,18.3
2.4,0.44881731253145446,1509.0,2.8,0.0,12.8,190.0,200.0,6.7,9.8,1.0,0.0,0.0,0.0,0.0,0.0,0.0,0.0,0.0,21.1
3.5,0.44881731253145446,0.0,0.0,0.0,13.9,350.0,350.0,8.1,9.8,0.0,0.0,0.0,0.0,0.0,0.0,0.0,0.0,0.0,24.4
2.6,0.44881731253145446,0.0,0.0,0.0,15.0,320.0,350.0,7.2,11.6,0.0,0.0,0.0,0.0,0.0,0.0,0.0,0.0,0.0,0.0
2.7,0.44881731253145446,0.0,13.7,0.0,10.0,140.0,130.0,8.9,12.1,1.0,0.0,0.0,0.0,0.0,0.0,0.0,0.0,0.0,13.3
2.8,0.44881731253145446,1933.0,0.0,0.0,13.9,260.0,260.0,6.3,7.6,0.0,0.0,0.0,0.0,0.0,0.0,0.0,0.0,0.0,21.1
1.3,0.44881731253145446,1523.0,1.8,9.4,5.0,350.0,340.0,6.3,7.2,0.0,0.0,0.0,0.0,0.0,0.0,0.0,0.0,0.0,13.9
3.1,0.44881731253145446,1502.0,0.0,0.0,13.3,350.0,350.0,8.1,9.8,0.0,0.0,0.0,0.0,0.0,0.0,0.0,0.0,0.0,22.8
5.2,0.44881731253145446,2008.0,4.3,13.9,11.7,180.0,180.0,8.9,11.2,0.0,0.0,0.0,0.0,0.0,0.0,0.0,0.0,0.0,16.1
3.1,0.44881731253145446,1619.0,0.0,16.7,10.6,350.0,320.0,8.9,10.3,0.0,0.0,0.0,0.0,0.0,0.0,0.0,0.0,0.0,22.8
1.4,0.44881731253145446,0.0,0.0,0.0,10.0,340.0,340.0,4.5,5.8,0.0,0.0,0.0,0.0,0.0,0.0,0.0,0.0,0.0,20.0
3.0,0.44881731253145446,1716.0,0.0,21.1,13.9,340.0,340.0,8.0,9.4,0.0,0.0,0.0,0.0,0.0,0.0,0.0,0.0,0.0,27.8
1.3,0.44881731253145446,1458.0,2.8,11.7,8.9,340.0,340.0,5.8,6.7,0.0,0.0,0.0,0.0,0.0,0.0,0.0,0.0,0.0,14.4
3.0,0.44881731253145446,1635.0,0.0,0.0,13.9,340.0,330.0,8.9,10.3,0.0,0.0,0.0,0.0,0.0,0.0,0.0,0.0,0.0,25.0
3.1,0.44881731253145446,407.0,0.5,0.0,3.9,310.0,330.0,7.2,11.2,1.0,0.0,0.0,0.0,0.0,0.0,0.0,0.0,0.0,12.2
1.5,0.44881731253145446,0.0,0.0,0.0,0.0,0.0,0.0,0.0,0.0,0.0,0.0,0.0,0.0,0.0,0.0,0.0,0.0,0.0,0.0
3.8,0.44881731253145446,1429.0,0.0,0.0,12.2,0.0,0.0,0.0,0.0,0.0,0.0,0.0,0.0,0.0,0.0,0.0,0.0,0.0,25.6
2.3,0.44881731253145446,1719.0,0.0,23.9,16.1,340.0,330.0,6.3,7.2,0.0,0.0,0.0,0.0,0.0,0.0,0.0,0.0,0.0,31.7
0.0,0.44881731253145446,1410.0,0.0,-17.8,15.6,350.0,340.0,8.0,9.4,0.0,0.0,0.0,0.0,0.0,0.0,0.0,0.0,0.0,23.9
2.7,0.44881731253145446,1339.0,0.0,0.0,12.2,290.0,270.0,7.6,10.7,0.0,0.0,0.0,0.0,0.0,0.0,0.0,0.0,0.0,20.6
2.2,0.44881731253145446,0.0,0.0,0.0,7.2,350.0,360.0,7.6,9.8,0.0,0.0,0.0,0.0,0.0,0.0,0.0,0.0,0.0,20.0
3.1,0.44881731253145446,1712.0,0.0,0.0,14.4,340.0,330.0,6.7,7.2,0.0,0.0,0.0,0.0,0.0,0.0,0.0,0.0,0.0,22.2
1.9,0.44881731253145446,0.0,0.0,0.0,11.7,10.0,350.0,7.2,8.9,0.0,0.0,0.0,0.0,0.0,0.0,0.0,0.0,0.0,27.8
2.3,0.44881731253145446,1355.0,0.0,0.0,11.1,0.0,0.0,0.0,0.0,0.0,0.0,0.0,0.0,0.0,0.0,0.0,0.0,0.0,23.3
3.1,0.44881731253145446,0.0,0.0,0.0,10.0,350.0,350.0,10.3,12.5,0.0,0.0,0.0,0.0,0.0,0.0,0.0,0.0,0.0,18.9
1.6,0.44881731253145446,0.0,1.3,0.0,5.6,40.0,50.0,5.4,6.7,0.0,0.0,0.0,0.0,0.0,0.0,0.0,0.0,0.0,16.1
3.4,0.44881731253145446,1542.0,0.0,18.9,13.3,350.0,350.0,10.3,11.6,0.0,0.0,0.0,0.0,0.0,0.0,0.0,0.0,0.0,24.4
2.0,0.44881731253145446,0.0,0.0,0.0,10.0,220.0,250.0,5.8,8.1,0.0,0.0,0.0,0.0,0.0,0.0,0.0,0.0,0.0,18.9
3.3,0.44881731253145446,1750.0,0.0,0.0,14.4,350.0,340.0,7.2,8.9,0.0,0.0,0.0,0.0,0.0,0.0,1.0,0.0,0.0,26.1
2.8,0.44881731253145446,1858.0,0.0,17.8,13.9,340.0,350.0,7.2,7.6,0.0,0.0,0.0,0.0,0.0,0.0,0.0,0.0,0.0,21.1
2.0,0.44881731253145446,1652.0,0.0,17.8,11.1,350.0,350.0,6.3,6.7,0.0,0.0,0.0,0.0,0.0,0.0,0.0,0.0,0.0,23.9
1.2,0.44881731253145446,0.0,6.6,0.0,12.8,270.0,280.0,4.5,5.8,1.0,0.0,0.0,0.0,0.0,0.0,1.0,0.0,0.0,15.0
3.9,0.44881731253145446,1624.0,0.0,0.0,10.6,350.0,340.0,10.3,11.2,0.0,0.0,0.0,0.0,0.0,0.0,0.0,0.0,0.0,18.9
1.5,0.44881731253145446,1503.0,0.0,0.0,16.1,340.0,340.0,6.3,6.7,0.0,0.0,0.0,0.0,0.0,0.0,0.0,0.0,0.0,31.7
2.1,0.44881731253145446,0.0,1.3,0.0,3.3,280.0,290.0,5.8,7.6,0.0,0.0,0.0,0.0,0.0,0.0,0.0,0.0,0.0,13.3
2.0,0.44881731253145446,0.0,0.0,0.0,12.2,350.0,310.0,9.4,10.3,0.0,0.0,0.0,0.0,0.0,0.0,0.0,0.0,0.0,30.0
3.8,0.44881731253145446,0.0,0.0,0.0,9.4,320.0,330.0,8.1,10.7,0.0,0.0,0.0,0.0,0.0,0.0,0.0,0.0,0.0,19.4
3.9,0.44881731253145446,0.0,0.0,0.0,13.3,360.0,360.0,10.3,12.1,0.0,0.0,0.0,0.0,0.0,0.0,0.0,0.0,0.0,23.3
2.6,0.44881731253145446,2155.0,0.0,0.0,15.0,0.0,0.0,0.0,0.0,1.0,0.0,0.0,0.0,0.0,0.0,1.0,0.0,0.0,23.9
4.5,0.44881731253145446,105.0,0.0,0.0,9.4,0.0,0.0,0.0,0.0,0.0,0.0,0.0,0.0,0.0,0.0,0.0,0.0,0.0,18.9
1.7,0.44881731253145446,1555.0,0.0,0.0,11.1,0.0,0.0,0.0,0.0,0.0,0.0,0.0,0.0,0.0,0.0,0.0,0.0,0.0,23.9
3.3,0.44881731253145446,915.0,5.6,0.0,10.0,140.0,140.0,5.8,7.6,1.0,0.0,0.0,0.0,0.0,0.0,0.0,0.0,0.0,16.1
0.5,0.44881731253145446,1455.0,0.0,0.0,-0.6,0.0,0.0,0.0,0.0,0.0,0.0,0.0,0.0,0.0,0.0,0.0,0.0,0.0,11.7
3.0,0.44881731253145446,1519.0,0.0,13.3,7.2,340.0,340.0,8.9,10.7,0.0,0.0,0.0,0.0,0.0,0.0,0.0,0.0,0.0,19.4
1.4,0.44881731253145446,1810.0,0.0,22.8,13.9,330.0,330.0,5.8,6.7,0.0,0.0,0.0,0.0,0.0,0.0,0.0,0.0,0.0,31.1
3.1,0.44881731253145446,1609.0,0.0,21.7,16.7,340.0,340.0,7.6,9.4,0.0,0.0,0.0,0.0,0.0,0.0,0.0,0.0,0.0,26.1
0.9,0.44881731253145446,1719.0,0.0,0.0,5.6,330.0,340.0,4.0,5.4,0.0,0.0,0.0,0.0,0.0,0.0,0.0,0.0,0.0,21.1
2.7,0.44881731253145446,0.0,0.0,0.0,3.9,350.0,280.0,6.7,8.1,0.0,0.0,0.0,0.0,0.0,0.0,0.0,0.0,0.0,10.0
1.7,0.44881731253145446,1641.0,4.8,0.0,7.2,0.0,0.0,0.0,0.0,0.0,0.0,0.0,0.0,0.0,0.0,0.0,0.0,1.0,14.4
3.0,0.44881731253145446,0.0,0.0,0.0,13.9,350.0,340.0,8.1,9.8,0.0,0.0,0.0,0.0,0.0,0.0,0.0,0.0,0.0,27.2
1.3,0.44881731253145446,1655.0,0.0,0.0,7.8,0.0,0.0,0.0,0.0,0.0,0.0,0.0,0.0,0.0,0.0,0.0,0.0,0.0,20.6
3.5,0.44881731253145446,0.0,0.0,0.0,10.6,130.0,130.0,7.2,9.4,0.0,0.0,0.0,0.0,0.0,0.0,0.0,0.0,0.0,17.8
1.2,0.44881731253145446,2255.0,1.5,0.0,17.2,0.0,0.0,0.0,0.0,0.0,0.0,0.0,0.0,0.0,0.0,0.0,0.0,1.0,22.8
2.1,0.44881731253145446,0.0,0.0,0.0,8.9,330.0,310.0,7.2,9.8,0.0,0.0,0.0,0.0,0.0,0.0,0.0,0.0,0.0,22.2
2.1,0.44881731253145446,115.0,5.3,0.0,10.6,0.0,0.0,0.0,0.0,0.0,0.0,0.0,0.0,0.0,0.0,0.0,0.0,1.0,17.2
2.8,0.44881731253145446,1530.0,0.0,15.0,7.8,350.0,350.0,8.9,10.3,0.0,0.0,0.0,0.0,0.0,0.0,0.0,0.0,0.0,21.7
3.1,0.44881731253145446,1432.0,0.0,20.6,15.6,340.0,340.0,6.7,7.6,0.0,0.0,0.0,0.0,0.0,0.0,0.0,0.0,0.0,25.0
1.6,0.44881731253145446,0.0,0.0,0.0,12.8,330.0,290.0,6.3,11.6,1.0,0.0,0.0,0.0,0.0,0.0,0.0,0.0,0.0,18.9
2.7,0.44881731253145446,1330.0,0.0,15.0,10.6,340.0,350.0,10.7,13.0,0.0,0.0,0.0,0.0,0.0,0.0,0.0,0.0,0.0,19.4
1.6,0.44881731253145446,0.0,0.0,0.0,0.0,0.0,0.0,0.0,0.0,0.0,0.0,0.0,0.0,0.0,0.0,0.0,0.0,0.0,0.0
1.2,0.44881731253145446,1448.0,0.0,0.0,12.2,0.0,0.0,0.0,0.0,1.0,0.0,0.0,0.0,0.0,0.0,1.0,0.0,0.0,23.9
3.2,0.44881731253145446,1528.0,0.3,0.0,15.6,350.0,330.0,8.9,10.3,0.0,0.0,0.0,0.0,0.0,0.0,0.0,0.0,0.0,23.9
2.2,0.44881731253145446,2225.0,1.3,0.0,1.7,130.0,130.0,8.9,11.2,0.0,0.0,0.0,0.0,0.0,0.0,0.0,0.0,0.0,12.2
3.3,0.44881731253145446,0.0,0.0,0.0,14.4,350.0,350.0,6.7,8.1,0.0,0.0,0.0,0.0,0.0,0.0,0.0,0.0,0.0,22.2
3.1,0.44881731253145446,0.0,0.0,0.0,14.4,350.0,350.0,9.4,10.7,0.0,0.0,0.0,0.0,0.0,0.0,0.0,0.0,0.0,26.1
1.5,0.44881731253145446,1556.0,0.0,0.0,16.7,350.0,340.0,5.8,6.7,1.0,0.0,0.0,0.0,0.0,0.0,0.0,0.0,0.0,27.8
3.6,0.44881731253145446,1355.0,1.5,0.0,12.8,0.0,0.0,0.0,0.0,0.0,0.0,0.0,0.0,0.0,0.0,0.0,0.0,1.0,17.2
1.8,0.44881731253145446,1647.0,6.6,0.0,14.4,0.0,0.0,0.0,0.0,0.0,0.0,0.0,0.0,0.0,0.0,0.0,0.0,1.0,20.0
3.0,0.44881731253145446,0.0,0.0,0.0,0.0,350.0,350.0,6.7,8.5,0.0,0.0,0.0,0.0,0.0,0.0,0.0,0.0,0.0,0.0
1.3,0.44881731253145446,1320.0,0.0,0.0,15.6,0.0,0.0,0.0,0.0,1.0,0.0,0.0,0.0,0.0,0.0,0.0,0.0,0.0,23.9
1.7,0.44881731253145446,0.0,0.0,0.0,5.0,320.0,270.0,5.8,8.5,0.0,0.0,0.0,0.0,0.0,0.0,0.0,0.0,0.0,13.3
3.3,0.44881731253145446,1940.0,0.0,18.3,13.3,340.0,350.0,8.0,9.4,0.0,0.0,0.0,0.0,0.0,0.0,0.0,0.0,0.0,23.3
3.2,0.44881731253145446,0.0,0.0,0.0,17.2,350.0,350.0,9.8,11.2,0.0,0.0,0.0,0.0,0.0,0.0,0.0,0.0,0.0,24.4
1.1,0.44881731253145446,1555.0,0.0,0.0,10.0,0.0,0.0,0.0,0.0,0.0,0.0,0.0,0.0,0.0,0.0,0.0,0.0,0.0,22.8
2.7,0.44881731253145446,1645.0,0.0,18.3,12.2,340.0,340.0,8.0,9.4,0.0,0.0,0.0,0.0,0.0,0.0,0.0,0.0,0.0,24.4
1.7,0.44881731253145446,1455.0,0.0,0.0,17.2,0.0,0.0,0.0,0.0,0.0,0.0,0.0,0.0,0.0,0.0,0.0,0.0,0.0,21.7
1.3,0.44881731253145446,1655.0,0.0,0.0,13.3,0.0,0.0,0.0,0.0,0.0,0.0,0.0,0.0,0.0,0.0,0.0,0.0,0.0,28.9
3.1,0.44881731253145446,1629.0,0.0,0.0,16.1,350.0,340.0,7.2,8.1,0.0,0.0,0.0,0.0,0.0,0.0,0.0,0.0,0.0,25.6
1.7,0.44881731253145446,1655.0,0.0,0.0,7.8,0.0,0.0,0.0,0.0,0.0,0.0,0.0,0.0,0.0,0.0,0.0,0.0,0.0,15.0
1.6,0.44881731253145446,0.0,0.0,0.0,5.6,310.0,310.0,4.5,5.8,1.0,0.0,0.0,0.0,0.0,0.0,0.0,0.0,0.0,15.6
1.7,0.44881731253145446,0.0,0.0,0.0,11.1,330.0,330.0,6.7,8.1,0.0,0.0,0.0,0.0,0.0,0.0,1.0,0.0,0.0,21.1
1.4,0.44881731253145446,958.0,0.0,21.1,12.8,20.0,20.0,5.4,6.7,0.0,0.0,0.0,0.0,0.0,0.0,0.0,0.0,0.0,28.9
2.7,0.44881731253145446,1458.0,0.0,17.2,12.2,340.0,340.0,7.6,9.4,0.0,0.0,0.0,0.0,0.0,0.0,0.0,0.0,0.0,21.7
2.2,0.44881731253145446,0.0,0.0,0.0,8.3,350.0,350.0,8.9,10.3,0.0,0.0,0.0,0.0,0.0,0.0,0.0,0.0,0.0,22.2
0.9,0.44881731253145446,1555.0,0.0,0.0,13.9,0.0,0.0,0.0,0.0,0.0,0.0,0.0,0.0,0.0,0.0,0.0,0.0,0.0,28.9
0.5,0.44881731253145446,2258.0,0.0,0.0,2.2,60.0,230.0,3.6,4.5,0.0,0.0,0.0,0.0,0.0,0.0,0.0,0.0,0.0,16.7
2.7,0.44881731253145446,0.0,0.0,0.0,14.4,350.0,350.0,8.9,10.3,0.0,0.0,0.0,0.0,0.0,0.0,0.0,0.0,0.0,24.4
2.4,0.44881731253145446,1747.0,0.0,25.0,15.0,340.0,350.0,7.6,8.9,0.0,0.0,0.0,0.0,0.0,0.0,0.0,0.0,0.0,34.4
0.5,0.44881731253145446,0.0,0.0,0.0,5.0,350.0,340.0,4.5,5.4,0.0,0.0,0.0,0.0,0.0,0.0,0.0,0.0,0.0,22.8
2.7,0.44881731253145446,1430.0,0.0,0.0,15.6,340.0,350.0,8.9,10.3,0.0,0.0,0.0,0.0,0.0,0.0,0.0,0.0,0.0,22.2
3.8,0.44881731253145446,1255.0,0.0,0.0,13.9,0.0,0.0,0.0,0.0,0.0,0.0,0.0,0.0,0.0,0.0,0.0,0.0,0.0,23.3
1.0,0.44881731253145446,222.0,0.0,12.8,8.9,350.0,130.0,3.6,4.5,0.0,0.0,0.0,0.0,0.0,0.0,0.0,0.0,0.0,16.1
0.5,0.44881731253145446,1805.0,0.0,0.0,7.8,0.0,0.0,0.0,0.0,0.0,0.0,0.0,0.0,0.0,0.0,1.0,0.0,0.0,15.0
2.1,0.44881731253145446,0.0,0.0,0.0,0.0,0.0,0.0,0.0,0.0,0.0,0.0,0.0,0.0,0.0,0.0,0.0,0.0,0.0,0.0
3.4,0.44881731253145446,1616.0,0.0,18.9,12.8,350.0,350.0,10.7,12.5,0.0,0.0,0.0,0.0,0.0,0.0,0.0,0.0,0.0,25.0
0.1,0.44881731253145446,1505.0,0.0,0.0,4.4,0.0,0.0,0.0,0.0,0.0,0.0,0.0,0.0,0.0,0.0,0.0,0.0,0.0,15.0
2.9,0.44881731253145446,0.0,0.0,0.0,14.4,350.0,350.0,10.7,12.5,0.0,0.0,0.0,0.0,0.0,0.0,0.0,0.0,0.0,25.0
3.5,0.44881731253145446,1616.0,0.0,17.8,11.7,350.0,350.0,9.8,10.7,0.0,0.0,0.0,0.0,0.0,0.0,0.0,0.0,0.0,23.9
2.6,0.44881731253145446,1623.0,0.0,15.0,8.9,270.0,270.0,8.0,10.7,0.0,0.0,0.0,0.0,0.0,0.0,0.0,0.0,0.0,21.1
2.8,0.44881731253145446,1704.0,0.0,0.0,10.0,350.0,340.0,9.4,10.3,0.0,0.0,0.0,0.0,0.0,0.0,0.0,0.0,0.0,20.6
1.6,0.44881731253145446,0.0,0.5,0.0,6.7,110.0,100.0,4.0,4.0,0.0,0.0,0.0,0.0,0.0,0.0,0.0,0.0,0.0,13.3
2.4,0.44881731253145446,1712.0,0.0,17.8,9.4,330.0,320.0,7.2,8.9,0.0,0.0,0.0,0.0,0.0,0.0,0.0,0.0,0.0,25.6
2.4,0.44881731253145446,820.0,0.0,0.0,12.8,130.0,140.0,7.2,9.4,0.0,0.0,0.0,0.0,0.0,0.0,0.0,0.0,0.0,17.8
3.9,0.44881731253145446,158.0,0.0,17.2,12.2,340.0,340.0,11.2,14.3,0.0,0.0,0.0,0.0,0.0,0.0,0.0,0.0,0.0,22.2
1.6,0.44881731253145446,1710.0,0.0,0.0,16.1,0.0,0.0,0.0,0.0,1.0,0.0,0.0,0.0,0.0,0.0,1.0,0.0,0.0,23.9
2.6,0.44881731253145446,1510.0,0.0,0.0,13.3,0.0,0.0,0.0,0.0,0.0,0.0,0.0,0.0,0.0,0.0,0.0,0.0,0.0,23.3
2.8,0.44881731253145446,0.0,0.0,0.0,18.3,340.0,340.0,7.6,9.4,0.0,0.0,0.0,0.0,0.0,0.0,0.0,0.0,0.0,31.7
2.1,0.44881731253145446,0.0,0.0,0.0,11.1,350.0,350.0,8.9,9.8,0.0,0.0,0.0,0.0,0.0,0.0,0.0,0.0,0.0,23.3
1.5,0.44881731253145446,1527.0,0.0,0.0,10.6,350.0,350.0,9.4,10.3,0.0,0.0,0.0,0.0,0.0,0.0,1.0,0.0,0.0,20.0
2.1,0.44881731253145446,1621.0,0.0,19.4,11.7,340.0,340.0,5.8,6.3,0.0,0.0,0.0,0.0,0.0,0.0,0.0,0.0,0.0,27.2
2.1,0.44881731253145446,1401.0,0.0,0.0,15.6,340.0,350.0,6.3,7.6,0.0,0.0,0.0,0.0,0.0,0.0,0.0,0.0,0.0,28.3
3.6,0.44881731253145446,0.0,0.0,0.0,15.6,360.0,350.0,8.1,10.3,0.0,0.0,0.0,0.0,0.0,0.0,0.0,0.0,0.0,21.1
2.9,0.44881731253145446,0.0,0.0,0.0,12.2,350.0,350.0,9.4,10.7,0.0,0.0,0.0,0.0,0.0,0.0,0.0,0.0,0.0,23.3
2.0,0.44881731253145446,1635.0,0.0,0.0,13.3,350.0,350.0,6.7,7.6,0.0,0.0,0.0,0.0,0.0,0.0,0.0,0.0,0.0,25.0
3.4,0.44881731253145446,0.0,0.0,0.0,11.1,350.0,360.0,8.9,10.7,0.0,0.0,0.0,0.0,0.0,0.0,0.0,0.0,0.0,19.4
1.8,0.44881731253145446,1355.0,0.0,0.0,14.4,0.0,0.0,0.0,0.0,0.0,0.0,0.0,0.0,0.0,0.0,0.0,0.0,0.0,23.3
1.2,0.44881731253145446,0.0,0.0,0.0,10.0,350.0,350.0,6.7,8.1,0.0,0.0,0.0,0.0,0.0,0.0,0.0,0.0,0.0,22.2
2.1,0.44881731253145446,0.0,0.0,0.0,0.0,0.0,0.0,0.0,0.0,0.0,0.0,0.0,0.0,0.0,0.0,0.0,0.0,0.0,0.0
3.2,0.44881731253145446,825.0,8.9,0.0,11.1,0.0,0.0,0.0,0.0,0.0,0.0,0.0,0.0,0.0,0.0,0.0,0.0,0.0,19.4
3.3,0.44881731253145446,1441.0,0.0,17.2,12.8,340.0,350.0,9.4,10.7,0.0,0.0,0.0,0.0,0.0,0.0,0.0,0.0,0.0,21.7
3.7,0.44881731253145446,1415.0,1.8,0.0,7.8,0.0,0.0,0.0,0.0,0.0,0.0,0.0,0.0,0.0,0.0,0.0,0.0,1.0,15.0
3.4,0.44881731253145446,1249.0,0.0,21.1,14.4,340.0,350.0,9.8,10.7,0.0,0.0,0.0,0.0,0.0,0.0,0.0,0.0,0.0,27.8
3.4,0.44881731253145446,0.0,0.0,0.0,0.0,340.0,340.0,6.7,8.9,0.0,0.0,0.0,0.0,0.0,0.0,0.0,0.0,0.0,0.0
3.6,0.44881731253145446,1532.0,0.0,18.3,14.4,340.0,340.0,9.8,11.2,0.0,0.0,0.0,0.0,0.0,0.0,0.0,0.0,0.0,22.2
3.3,0.44881731253145446,1737.0,0.0,17.2,10.6,360.0,360.0,8.9,9.8,0.0,0.0,0.0,0.0,0.0,0.0,0.0,0.0,0.0,23.9
0.0,0.44881731253145446,0.0,0.0,0.0,16.1,0.0,0.0,0.0,0.0,0.0,0.0,0.0,0.0,0.0,0.0,0.0,0.0,0.0,25.0
0.6,0.44881731253145446,0.0,0.0,0.0,5.0,10.0,360.0,3.6,4.5,0.0,0.0,0.0,0.0,0.0,0.0,1.0,0.0,0.0,15.6
1.8,0.44881731253145446,1826.0,0.0,11.1,5.0,340.0,340.0,4.0,4.5,0.0,0.0,0.0,0.0,0.0,0.0,0.0,0.0,0.0,17.2
3.7,0.44881731253145446,1407.0,0.0,0.0,7.8,350.0,330.0,10.3,12.5,0.0,0.0,0.0,0.0,0.0,0.0,0.0,0.0,0.0,15.0
3.8,0.44881731253145446,1637.0,0.0,17.8,14.4,350.0,340.0,8.9,10.3,0.0,0.0,0.0,0.0,0.0,0.0,0.0,0.0,0.0,20.6
0.0,0.44881731253145446,0.0,0.0,0.0,15.6,0.0,0.0,0.0,0.0,0.0,0.0,0.0,0.0,0.0,0.0,0.0,0.0,0.0,22.8
1.4,0.44881731253145446,0.0,0.0,0.0,11.1,350.0,130.0,5.8,7.6,0.0,0.0,0.0,0.0,0.0,0.0,0.0,0.0,0.0,25.0
2.5,0.44881731253145446,1636.0,0.0,0.0,12.2,280.0,280.0,7.2,10.7,0.0,0.0,0.0,0.0,0.0,0.0,0.0,0.0,0.0,21.7
2.7,0.44881731253145446,0.0,0.0,0.0,12.8,350.0,350.0,8.1,10.3,0.0,0.0,0.0,0.0,0.0,0.0,0.0,0.0,0.0,25.6
3.2,0.44881731253145446,1558.0,0.0,16.7,10.6,340.0,350.0,9.4,10.3,0.0,0.0,0.0,0.0,0.0,0.0,0.0,0.0,0.0,22.8
1.2,0.44881731253145446,1423.0,0.0,0.0,8.3,320.0,320.0,4.5,5.8,0.0,0.0,0.0,0.0,0.0,0.0,0.0,0.0,0.0,22.8
3.8,0.44881731253145446,1543.0,0.0,18.3,13.9,350.0,360.0,9.8,11.2,0.0,0.0,0.0,0.0,0.0,0.0,0.0,0.0,0.0,22.8
0.0,0.44881731253145446,0.0,0.0,0.0,13.3,0.0,0.0,0.0,0.0,0.0,0.0,0.0,0.0,0.0,0.0,0.0,0.0,0.0,18.3
2.6,0.44881731253145446,0.0,0.0,0.0,15.6,350.0,350.0,7.2,8.5,0.0,0.0,0.0,0.0,0.0,0.0,1.0,0.0,0.0,25.0
0.7,0.44881731253145446,0.0,0.0,0.0,15.6,350.0,340.0,4.0,5.4,0.0,0.0,0.0,0.0,0.0,0.0,0.0,0.0,0.0,29.4
2.6,0.44881731253145446,1340.0,0.0,0.0,17.2,350.0,350.0,6.7,8.1,0.0,0.0,0.0,0.0,0.0,0.0,0.0,0.0,0.0,28.3
0.8,0.44881731253145446,1722.0,0.0,0.0,10.0,0.0,0.0,0.0,0.0,0.0,0.0,0.0,0.0,0.0,0.0,0.0,0.0,0.0,23.9
2.4,0.44881731253145446,1616.0,0.0,13.3,10.6,340.0,340.0,7.2,8.0,0.0,0.0,0.0,0.0,0.0,0.0,0.0,0.0,0.0,15.6
3.3,0.44881731253145446,1610.0,0.0,0.0,15.0,350.0,350.0,8.9,10.3,0.0,0.0,0.0,0.0,0.0,0.0,0.0,0.0,0.0,22.2
3.1,0.44881731253145446,1645.0,0.0,0.0,13.3,350.0,350.0,9.4,11.2,0.0,0.0,0.0,0.0,0.0,0.0,0.0,0.0,0.0,21.1
0.0,0.44881731253145446,0.0,0.0,0.0,0.0,0.0,0.0,0.0,0.0,0.0,0.0,0.0,0.0,0.0,0.0,0.0,0.0,0.0,0.0
2.9,0.44881731253145446,1000.0,0.0,15.6,10.6,320.0,290.0,7.6,9.8,0.0,0.0,0.0,0.0,0.0,0.0,0.0,0.0,0.0,20.6
3.8,0.44881731253145446,1604.0,0.0,0.0,7.2,280.0,260.0,8.1,11.6,0.0,0.0,0.0,0.0,0.0,0.0,0.0,0.0,0.0,15.6
0.5,0.44881731253145446,0.0,0.0,0.0,6.1,360.0,360.0,4.0,4.5,0.0,0.0,0.0,0.0,0.0,0.0,0.0,0.0,0.0,16.7
1.4,0.44881731253145446,0.0,0.0,0.0,11.1,350.0,320.0,4.5,5.8,0.0,0.0,0.0,0.0,0.0,0.0,0.0,0.0,0.0,27.8
2.9,0.44881731253145446,1335.0,0.0,13.9,7.8,310.0,320.0,7.6,9.8,0.0,0.0,0.0,0.0,0.0,0.0,0.0,0.0,0.0,20.0
3.4,0.44881731253145446,1702.0,0.0,0.0,12.8,350.0,350.0,10.3,12.5,0.0,0.0,0.0,0.0,0.0,0.0,1.0,0.0,0.0,20.6
0.9,0.44881731253145446,1443.0,0.3,0.0,7.2,340.0,350.0,6.3,7.2,1.0,1.0,0.0,0.0,0.0,0.0,1.0,0.0,0.0,15.0
2.9,0.44881731253145446,1528.0,0.0,0.0,10.6,340.0,350.0,8.9,10.3,0.0,0.0,0.0,0.0,0.0,0.0,0.0,0.0,0.0,25.0
0.0,0.44881731253145446,1123.0,0.0,0.0,10.0,350.0,350.0,9.4,10.7,0.0,0.0,0.0,0.0,0.0,0.0,0.0,0.0,0.0,23.3
2.2,0.44881731253145446,1455.0,0.0,0.0,6.1,0.0,0.0,0.0,0.0,0.0,0.0,0.0,0.0,0.0,0.0,0.0,0.0,0.0,18.3
3.4,0.44881731253145446,1755.0,0.0,0.0,16.1,0.0,0.0,0.0,0.0,0.0,0.0,0.0,0.0,0.0,0.0,0.0,0.0,1.0,23.3
1.7,0.44881731253145446,1352.0,0.3,0.0,8.9,340.0,340.0,8.9,10.3,0.0,0.0,0.0,0.0,0.0,0.0,0.0,0.0,0.0,21.1
1.3,0.44881731253145446,0.0,0.0,0.0,6.7,340.0,340.0,5.4,6.7,0.0,0.0,0.0,0.0,0.0,0.0,0.0,0.0,0.0,17.2
0.9,0.44881731253145446,0.0,0.0,0.0,-0.5,20.0,30.0,3.6,4.5,0.0,0.0,0.0,0.0,0.0,0.0,0.0,0.0,0.0,15.0
0.6,0.44881731253145446,0.0,0.0,0.0,5.6,350.0,350.0,3.6,3.6,0.0,0.0,0.0,0.0,0.0,0.0,0.0,0.0,0.0,16.7
3.1,0.44881731253145446,1341.0,0.0,17.8,11.1,340.0,320.0,9.4,11.2,0.0,0.0,0.0,0.0,0.0,0.0,0.0,0.0,0.0,24.4
2.6,0.44881731253145446,1134.0,0.0,10.6,4.4,220.0,260.0,5.8,7.2,0.0,0.0,0.0,0.0,0.0,0.0,0.0,0.0,0.0,16.7
3.2,0.44881731253145446,1312.0,0.0,0.0,11.7,310.0,350.0,8.1,11.6,0.0,0.0,0.0,0.0,0.0,0.0,0.0,0.0,0.0,25.0
0.4,0.44881731253145446,1438.0,0.0,10.6,5.0,350.0,350.0,4.0,4.5,0.0,0.0,0.0,0.0,0.0,0.0,0.0,0.0,0.0,16.1
1.1,0.44881731253145446,0.0,0.0,0.0,5.0,20.0,10.0,4.5,5.8,0.0,0.0,0.0,0.0,0.0,0.0,0.0,0.0,0.0,14.4
0.6,0.44881731253145446,0.0,0.0,0.0,3.3,350.0,350.0,4.0,4.5,0.0,0.0,0.0,0.0,0.0,0.0,0.0,0.0,0.0,16.1
3.0,0.44881731253145446,1440.0,0.0,19.4,13.3,340.0,350.0,9.4,10.7,0.0,0.0,0.0,0.0,0.0,0.0,0.0,0.0,0.0,25.6
4.1,0.44881731253145446,0.0,0.0,0.0,12.8,350.0,350.0,8.9,11.2,0.0,0.0,0.0,0.0,0.0,0.0,0.0,0.0,0.0,20.0
2.2,0.44881731253145446,1653.0,0.0,0.0,16.1,340.0,310.0,6.3,8.1,0.0,0.0,0.0,0.0,0.0,0.0,0.0,0.0,0.0,27.2
2.4,0.44881731253145446,0.0,0.0,0.0,14.4,350.0,340.0,5.8,7.2,0.0,0.0,0.0,0.0,0.0,0.0,0.0,0.0,0.0,21.7
0.0,0.44881731253145446,0.0,0.0,0.0,18.3,0.0,0.0,0.0,0.0,0.0,0.0,0.0,0.0,0.0,0.0,0.0,0.0,0.0,30.0
2.0,0.44881731253145446,0.0,0.0,0.0,0.0,0.0,0.0,0.0,0.0,0.0,0.0,0.0,0.0,0.0,0.0,0.0,0.0,0.0,0.0
3.3,0.44881731253145446,0.0,0.0,0.0,12.2,350.0,350.0,8.9,10.7,0.0,0.0,0.0,0.0,0.0,0.0,0.0,0.0,0.0,18.3
2.8,0.44881731253145446,1355.0,0.0,0.0,13.9,0.0,0.0,0.0,0.0,0.0,0.0,0.0,0.0,0.0,0.0,0.0,0.0,0.0,24.4
2.7,0.44881731253145446,0.0,0.0,0.0,10.6,350.0,320.0,9.8,13.4,0.0,0.0,0.0,0.0,0.0,0.0,0.0,0.0,0.0,20.6
2.6,0.44881731253145446,1422.0,0.0,0.0,11.1,160.0,170.0,6.7,8.1,1.0,0.0,0.0,0.0,0.0,0.0,0.0,0.0,0.0,21.7
2.6,0.44881731253145446,827.0,0.0,0.0,6.7,350.0,350.0,7.6,8.9,0.0,0.0,0.0,0.0,0.0,0.0,0.0,0.0,0.0,17.8
2.2,0.44881731253145446,1728.0,3.0,11.7,9.4,310.0,280.0,6.3,7.2,0.0,0.0,0.0,0.0,0.0,0.0,0.0,0.0,0.0,13.3
4.1,0.44881731253145446,1602.0,0.0,0.0,15.0,350.0,350.0,9.8,12.5,0.0,0.0,0.0,0.0,0.0,0.0,0.0,0.0,0.0,21.1
2.5,0.44881731253145446,1517.0,0.0,0.0,13.9,0.0,0.0,0.0,0.0,0.0,0.0,0.0,0.0,0.0,0.0,0.0,0.0,0.0,25.0
3.3,0.44881731253145446,1525.0,0.0,17.8,12.2,340.0,330.0,9.8,10.7,0.0,0.0,0.0,0.0,0.0,0.0,0.0,0.0,0.0,22.8
2.1,0.44881731253145446,1431.0,0.0,13.9,6.7,340.0,340.0,7.6,8.0,0.0,0.0,0.0,0.0,0.0,0.0,0.0,0.0,0.0,20.6
1.0,0.44881731253145446,0.0,0.0,0.0,5.6,350.0,350.0,4.0,4.9,0.0,0.0,0.0,0.0,0.0,0.0,0.0,0.0,0.0,11.1
1.7,0.44881731253145446,0.0,0.0,0.0,8.3,350.0,350.0,5.8,6.3,1.0,0.0,0.0,0.0,0.0,0.0,0.0,0.0,0.0,22.2
3.0,0.44881731253145446,1555.0,0.0,0.0,16.1,0.0,0.0,0.0,0.0,0.0,0.0,0.0,0.0,0.0,0.0,0.0,0.0,0.0,26.7
3.4,0.44881731253145446,1414.0,8.9,0.0,6.1,140.0,140.0,8.1,12.5,1.0,0.0,0.0,0.0,0.0,0.0,0.0,0.0,0.0,13.3
2.1,0.44881731253145446,1550.0,0.0,18.3,13.3,340.0,340.0,7.6,9.4,0.0,0.0,0.0,0.0,0.0,0.0,0.0,0.0,0.0,22.8
0.8,0.44881731253145446,0.0,0.0,0.0,7.2,360.0,330.0,5.4,5.8,1.0,0.0,0.0,0.0,0.0,0.0,1.0,0.0,0.0,19.4
3.0,0.44881731253145446,1513.0,0.0,0.0,14.4,340.0,350.0,8.9,9.8,0.0,0.0,0.0,0.0,0.0,0.0,1.0,0.0,0.0,21.7
2.6,0.44881731253145446,0.0,0.0,0.0,15.6,350.0,340.0,7.6,8.1,0.0,0.0,0.0,0.0,0.0,0.0,0.0,0.0,0.0,25.0
3.2,0.44881731253145446,0.0,0.8,0.0,11.1,350.0,300.0,10.3,13.4,1.0,0.0,0.0,0.0,0.0,0.0,0.0,0.0,0.0,20.0
3.5,0.44881731253145446,1341.0,0.0,20.6,16.1,340.0,340.0,7.2,9.4,0.0,0.0,0.0,0.0,0.0,0.0,0.0,0.0,0.0,25.0
1.7,0.44881731253145446,0.0,0.0,0.0,0.0,0.0,0.0,0.0,0.0,0.0,0.0,0.0,0.0,0.0,0.0,0.0,0.0,0.0,0.0
3.6,0.44881731253145446,1557.0,0.0,21.1,17.2,350.0,340.0,8.9,10.3,0.0,0.0,0.0,0.0,0.0,0.0,0.0,0.0,0.0,25.0
3.6,0.44881731253145446,0.0,0.0,0.0,12.8,350.0,350.0,9.8,11.2,0.0,0.0,0.0,0.0,0.0,0.0,0.0,0.0,0.0,20.0
3.3,0.44881731253145446,300.0,0.0,9.4,3.3,320.0,330.0,7.2,8.9,0.0,0.0,0.0,0.0,0.0,0.0,0.0,0.0,0.0,15.6
4.3,0.44881731253145446,0.0,0.0,0.0,11.1,360.0,360.0,11.2,13.4,0.0,0.0,0.0,0.0,0.0,0.0,0.0,0.0,0.0,18.9
2.1,0.44881731253145446,1710.0,0.0,0.0,10.0,0.0,0.0,0.0,0.0,0.0,0.0,0.0,0.0,0.0,0.0,0.0,0.0,0.0,18.9
2.3,0.44881731253145446,1848.0,0.0,0.0,7.2,340.0,340.0,7.6,9.4,0.0,0.0,0.0,0.0,0.0,0.0,0.0,0.0,0.0,20.0
3.4,0.44881731253145446,0.0,2.0,0.0,6.7,140.0,150.0,11.2,15.7,1.0,0.0,0.0,0.0,0.0,0.0,0.0,0.0,0.0,13.9
3.2,0.44881731253145446,0.0,0.0,0.0,11.7,350.0,350.0,7.6,10.7,0.0,0.0,0.0,0.0,0.0,0.0,0.0,0.0,0.0,19.4
3.3,0.44881731253145446,1701.0,0.0,0.0,13.9,340.0,340.0,10.3,11.6,0.0,0.0,0.0,0.0,0.0,0.0,0.0,0.0,0.0,23.3
4.3,0.44881731253145446,1124.0,14.2,11.7,8.9,130.0,130.0,8.0,10.7,0.0,0.0,0.0,0.0,0.0,0.0,0.0,0.0,0.0,14.4
3.6,0.44881731253145446,0.0,1.0,0.0,0.0,350.0,360.0,8.0,9.4,0.0,0.0,0.0,0.0,0.0,0.0,0.0,0.0,0.0,0.0
2.2,0.44881731253145446,1404.0,0.0,0.0,7.8,260.0,270.0,7.2,9.8,0.0,0.0,0.0,0.0,0.0,0.0,0.0,0.0,0.0,18.3
3.7,0.44881731253145446,0.0,0.0,0.0,11.7,350.0,360.0,9.8,11.6,0.0,0.0,0.0,0.0,0.0,0.0,0.0,0.0,0.0,21.1
0.5,0.44881731253145446,0.0,0.0,0.0,3.9,350.0,350.0,4.0,4.5,0.0,0.0,0.0,0.0,0.0,0.0,0.0,0.0,0.0,19.4
0.5,0.44881731253145446,1955.0,0.0,0.0,5.6,0.0,0.0,0.0,0.0,0.0,0.0,0.0,0.0,0.0,0.0,0.0,0.0,0.0,15.0
3.7,0.44881731253145446,1022.0,0.0,0.0,14.4,130.0,120.0,7.6,9.4,0.0,0.0,0.0,0.0,0.0,0.0,0.0,0.0,0.0,24.4
3.0,0.44881731253145446,0.0,0.0,0.0,8.3,350.0,350.0,9.4,10.3,0.0,0.0,0.0,0.0,0.0,0.0,0.0,0.0,0.0,20.6
2.7,0.44881731253145446,0.0,0.0,0.0,3.9,320.0,320.0,7.6,9.8,0.0,0.0,0.0,0.0,0.0,0.0,0.0,0.0,0.0,12.8
1.3,0.44881731253145446,1420.0,0.0,0.0,12.2,0.0,0.0,0.0,0.0,0.0,0.0,0.0,0.0,0.0,0.0,1.0,0.0,0.0,25.0
2.0,0.44881731253145446,919.0,0.0,0.0,9.4,350.0,350.0,8.1,9.4,1.0,0.0,0.0,0.0,0.0,0.0,0.0,0.0,0.0,17.8
2.9,0.44881731253145446,0.0,5.6,0.0,5.0,260.0,260.0,8.9,12.5,1.0,0.0,0.0,0.0,0.0,0.0,0.0,0.0,0.0,11.1
2.6,0.44881731253145446,0.0,31.8,0.0,12.2,340.0,60.0,6.7,9.8,1.0,0.0,0.0,0.0,0.0,0.0,0.0,0.0,0.0,17.2
2.1,0.44881731253145446,1510.0,0.3,0.0,13.9,0.0,0.0,0.0,0.0,0.0,0.0,1.0,0.0,0.0,0.0,0.0,0.0,1.0,18.9
2.2,0.44881731253145446,1718.0,0.0,16.1,11.1,330.0,340.0,7.6,8.9,0.0,0.0,0.0,0.0,0.0,0.0,0.0,0.0,0.0,21.1
2.1,0.44881731253145446,1758.0,0.0,12.8,6.1,340.0,330.0,7.6,8.9,0.0,0.0,0.0,0.0,0.0,0.0,0.0,0.0,0.0,19.4
3.1,0.44881731253145446,2357.0,0.0,0.0,3.3,130.0,130.0,10.3,13.0,0.0,0.0,0.0,0.0,0.0,0.0,0.0,0.0,0.0,17.2
4.8,0.44881731253145446,1744.0,0.0,0.0,0.0,350.0,350.0,9.8,10.7,0.0,0.0,0.0,0.0,0.0,0.0,0.0,0.0,0.0,0.0
3.6,0.44881731253145446,0.0,0.0,0.0,13.9,350.0,350.0,8.1,9.8,0.0,0.0,0.0,0.0,0.0,0.0,0.0,0.0,0.0,23.3
1.1,0.44881731253145446,1809.0,0.0,0.0,3.3,0.0,0.0,0.0,0.0,0.0,0.0,0.0,0.0,0.0,0.0,0.0,0.0,0.0,14.4
1.6,0.44881731253145446,1547.0,0.0,0.0,4.4,350.0,350.0,7.6,9.8,0.0,0.0,0.0,0.0,0.0,0.0,0.0,0.0,0.0,16.7
3.4,0.44881731253145446,1445.0,0.0,18.3,13.9,350.0,350.0,10.7,12.5,0.0,0.0,0.0,0.0,0.0,0.0,0.0,0.0,0.0,22.2
2.3,0.44881731253145446,1540.0,0.0,0.0,14.4,340.0,340.0,7.2,9.8,0.0,0.0,0.0,0.0,0.0,0.0,0.0,0.0,0.0,23.3
4.0,0.44881731253145446,1512.0,0.0,0.0,11.7,350.0,350.0,10.3,11.6,0.0,0.0,0.0,0.0,0.0,0.0,0.0,0.0,0.0,18.3
2.1,0.44881731253145446,1629.0,0.0,15.0,7.8,340.0,340.0,5.8,6.7,0.0,0.0,0.0,0.0,0.0,0.0,0.0,0.0,0.0,21.7
4.2,0.44881731253145446,1248.0,0.0,16.1,12.2,350.0,350.0,10.3,11.6,0.0,0.0,0.0,0.0,0.0,0.0,0.0,0.0,0.0,20.0
3.1,0.44881731253145446,1838.0,0.0,20.0,13.3,130.0,130.0,6.7,8.9,0.0,0.0,0.0,0.0,0.0,0.0,0.0,0.0,0.0,26.1
1.5,0.44881731253145446,1655.0,0.0,0.0,13.9,0.0,0.0,0.0,0.0,0.0,0.0,0.0,0.0,0.0,0.0,1.0,0.0,0.0,33.3
2.5,0.44881731253145446,1355.0,0.0,0.0,11.7,0.0,0.0,0.0,0.0,0.0,0.0,0.0,0.0,0.0,0.0,0.0,0.0,0.0,20.0
1.6,0.44881731253145446,0.0,3.3,0.0,15.0,130.0,130.0,4.0,5.4,1.0,0.0,0.0,0.0,0.0,0.0,0.0,0.0,0.0,18.9
4.0,0.44881731253145446,0.0,5.6,0.0,12.2,160.0,160.0,10.3,15.2,1.0,0.0,0.0,0.0,0.0,0.0,0.0,0.0,0.0,19.4
2.2,0.44881731253145446,1755.0,0.0,0.0,14.4,0.0,0.0,0.0,0.0,0.0,0.0,0.0,0.0,0.0,0.0,1.0,0.0,0.0,28.9
2.6,0.44881731253145446,1241.0,0.0,0.0,12.2,0.0,0.0,0.0,0.0,0.0,0.0,0.0,0.0,0.0,0.0,0.0,0.0,0.0,22.2
2.3,0.44881731253145446,1755.0,0.0,0.0,15.6,0.0,0.0,0.0,0.0,0.0,0.0,0.0,0.0,0.0,0.0,0.0,0.0,0.0,22.8
2.6,0.44881731253145446,2359.0,6.1,11.7,8.3,140.0,150.0,8.0,11.2,0.0,0.0,0.0,0.0,0.0,0.0,0.0,0.0,0.0,15.0
2.9,0.44881731253145446,1855.0,0.0,0.0,15.6,0.0,0.0,0.0,0.0,0.0,0.0,0.0,0.0,0.0,0.0,0.0,0.0,0.0,24.4
2.8,0.44881731253145446,1549.0,0.0,0.0,13.9,350.0,350.0,7.6,9.4,0.0,0.0,0.0,0.0,0.0,0.0,0.0,0.0,0.0,23.3
3.0,0.44881731253145446,1630.0,0.0,20.0,13.3,340.0,350.0,8.0,9.4,0.0,0.0,0.0,0.0,0.0,0.0,0.0,0.0,0.0,26.7
3.8,0.44881731253145446,0.0,0.0,0.0,6.1,320.0,320.0,8.9,11.6,0.0,0.0,0.0,0.0,0.0,0.0,0.0,0.0,0.0,13.9
1.0,0.44881731253145446,1531.0,0.0,0.0,11.1,340.0,320.0,4.0,5.4,0.0,0.0,0.0,0.0,0.0,0.0,1.0,0.0,0.0,30.0
3.7,0.44881731253145446,0.0,0.0,0.0,10.0,350.0,350.0,9.8,11.2,0.0,0.0,0.0,0.0,0.0,0.0,0.0,0.0,0.0,20.0
5.5,0.44881731253145446,601.0,0.0,13.9,8.3,340.0,340.0,10.3,13.0,0.0,0.0,0.0,0.0,0.0,0.0,0.0,0.0,0.0,19.4
0.0,0.44881731253145446,0.0,0.0,0.0,0.0,0.0,0.0,0.0,0.0,0.0,0.0,0.0,0.0,0.0,0.0,0.0,0.0,0.0,0.0
2.1,0.44881731253145446,1601.0,0.0,0.0,16.1,350.0,340.0,6.7,8.9,0.0,0.0,0.0,0.0,0.0,0.0,0.0,0.0,0.0,29.4
2.6,0.44881731253145446,0.0,0.0,0.0,22.2,60.0,40.0,5.8,7.2,0.0,0.0,0.0,0.0,0.0,0.0,0.0,0.0,0.0,26.1
1.3,0.44881731253145446,1459.0,0.3,0.0,6.7,340.0,340.0,5.8,8.9,1.0,0.0,0.0,0.0,0.0,0.0,1.0,0.0,0.0,14.4
3.8,0.44881731253145446,1658.0,3.6,0.0,11.1,180.0,180.0,7.2,9.4,1.0,0.0,0.0,0.0,0.0,0.0,0.0,0.0,0.0,21.1
1.2,0.44881731253145446,0.0,0.0,0.0,12.2,350.0,350.0,5.8,6.7,0.0,0.0,0.0,0.0,0.0,0.0,0.0,0.0,0.0,31.7
2.3,0.44881731253145446,1738.0,0.0,26.1,16.7,340.0,340.0,6.7,8.0,0.0,0.0,0.0,0.0,0.0,0.0,0.0,0.0,0.0,35.0
2.4,0.44881731253145446,1505.0,0.0,0.0,14.4,340.0,350.0,7.6,8.9,0.0,0.0,0.0,0.0,0.0,0.0,0.0,0.0,0.0,28.9
2.6,0.44881731253145446,1755.0,0.0,0.0,14.4,0.0,0.0,0.0,0.0,0.0,0.0,0.0,0.0,0.0,0.0,0.0,0.0,0.0,25.0
3.0,0.44881731253145446,1311.0,0.0,0.0,13.9,350.0,360.0,7.6,8.9,0.0,0.0,0.0,0.0,0.0,0.0,0.0,0.0,0.0,23.3
3.7,0.44881731253145446,0.0,0.0,0.0,13.3,340.0,360.0,9.4,10.7,0.0,0.0,0.0,0.0,0.0,0.0,0.0,0.0,0.0,22.2
1.2,0.44881731253145446,1727.0,0.0,0.0,3.3,0.0,0.0,0.0,0.0,0.0,0.0,0.0,0.0,0.0,0.0,0.0,0.0,0.0,18.9
1.6,0.44881731253145446,1355.0,0.0,0.0,12.2,0.0,0.0,0.0,0.0,0.0,0.0,0.0,0.0,0.0,0.0,0.0,0.0,0.0,24.4
0.0,0.44881731253145446,0.0,0.0,0.0,13.9,0.0,0.0,0.0,0.0,0.0,0.0,0.0,0.0,0.0,0.0,0.0,0.0,0.0,26.1
3.2,0.44881731253145446,1655.0,0.8,15.0,10.6,170.0,210.0,8.0,9.8,0.0,0.0,0.0,0.0,0.0,0.0,0.0,0.0,0.0,19.4
2.9,0.44881731253145446,1025.0,0.5,0.0,15.0,0.0,0.0,0.0,0.0,0.0,0.0,0.0,0.0,0.0,0.0,0.0,0.0,0.0,25.6
2.3,0.44881731253145446,0.0,0.0,0.0,2.8,320.0,310.0,6.7,8.9,0.0,0.0,0.0,0.0,0.0,0.0,0.0,0.0,0.0,13.3
1.3,0.44881731253145446,1555.0,0.0,0.0,9.4,0.0,0.0,0.0,0.0,0.0,0.0,0.0,0.0,0.0,0.0,0.0,0.0,0.0,25.0
1.0,0.44881731253145446,0.0,0.0,0.0,0.0,20.0,20.0,6.3,7.2,0.0,0.0,0.0,0.0,0.0,0.0,0.0,0.0,0.0,12.2
3.3,0.44881731253145446,1755.0,0.0,0.0,18.3,0.0,0.0,0.0,0.0,0.0,0.0,0.0,0.0,0.0,0.0,0.0,0.0,0.0,25.6
2.8,0.44881731253145446,1402.0,7.9,0.0,6.7,160.0,150.0,6.7,9.4,1.0,0.0,0.0,0.0,0.0,0.0,0.0,0.0,0.0,13.9
1.7,0.44881731253145446,0.0,0.0,0.0,15.0,310.0,310.0,6.3,7.6,0.0,0.0,0.0,0.0,0.0,0.0,0.0,0.0,0.0,29.4
2.8,0.44881731253145446,0.0,0.0,0.0,10.6,350.0,330.0,8.9,13.9,0.0,0.0,0.0,0.0,0.0,0.0,0.0,0.0,0.0,20.6
3.7,0.44881731253145446,0.0,0.0,0.0,13.3,350.0,360.0,11.2,13.4,0.0,0.0,0.0,0.0,0.0,0.0,0.0,0.0,0.0,21.1
0.8,0.44881731253145446,1452.0,0.0,0.0,15.6,0.0,0.0,0.0,0.0,0.0,0.0,0.0,0.0,0.0,0.0,0.0,0.0,0.0,27.2
2.3,0.44881731253145446,0.0,0.0,0.0,8.9,340.0,350.0,7.6,9.4,0.0,0.0,0.0,0.0,0.0,0.0,0.0,0.0,0.0,17.2
2.5,0.44881731253145446,1729.0,0.0,0.0,15.6,320.0,320.0,6.3,8.1,0.0,0.0,0.0,0.0,0.0,0.0,0.0,0.0,0.0,25.6
2.7,0.44881731253145446,1535.0,0.0,0.0,4.4,320.0,310.0,9.4,13.4,0.0,0.0,0.0,0.0,0.0,0.0,0.0,0.0,0.0,15.6
1.8,0.44881731253145446,0.0,0.0,0.0,10.6,350.0,350.0,7.2,8.5,0.0,0.0,0.0,0.0,0.0,0.0,0.0,0.0,0.0,28.3
2.0,0.44881731253145446,0.0,0.0,0.0,6.1,130.0,140.0,6.3,7.6,0.0,0.0,0.0,0.0,0.0,0.0,0.0,0.0,0.0,16.7
2.2,0.44881731253145446,1449.0,0.0,0.0,5.0,350.0,350.0,7.6,9.4,0.0,0.0,0.0,0.0,0.0,0.0,0.0,0.0,0.0,17.2
1.5,0.44881731253145446,1252.0,0.5,0.0,6.7,270.0,350.0,5.8,8.1,0.0,0.0,0.0,0.0,0.0,0.0,0.0,0.0,0.0,14.4
4.0,0.44881731253145446,1250.0,24.4,11.1,7.8,130.0,160.0,8.9,11.2,0.0,0.0,0.0,0.0,0.0,0.0,0.0,0.0,0.0,13.9
0.6,0.44881731253145446,555.0,0.0,0.0,5.0,0.0,0.0,0.0,0.0,0.0,0.0,0.0,0.0,0.0,0.0,0.0,0.0,0.0,16.1
3.9,0.44881731253145446,1520.0,2.0,0.0,8.3,130.0,130.0,9.8,12.5,0.0,0.0,0.0,0.0,0.0,0.0,0.0,0.0,0.0,15.0
1.3,0.44881731253145446,1755.0,0.0,0.0,7.8,0.0,0.0,0.0,0.0,0.0,0.0,0.0,0.0,0.0,0.0,0.0,0.0,0.0,16.1
2.8,0.44881731253145446,2355.0,28.4,0.0,12.2,0.0,0.0,0.0,0.0,0.0,0.0,1.0,0.0,0.0,0.0,0.0,0.0,1.0,15.6
1.2,0.44881731253145446,0.0,0.0,0.0,2.8,20.0,20.0,4.0,5.4,0.0,0.0,0.0,0.0,0.0,0.0,0.0,0.0,0.0,11.1
2.5,0.44881731253145446,1419.0,0.0,0.0,10.0,350.0,350.0,8.1,9.8,0.0,0.0,0.0,0.0,0.0,0.0,0.0,0.0,0.0,18.3
1.4,0.44881731253145446,1355.0,0.0,0.0,7.2,350.0,350.0,6.3,7.2,0.0,0.0,0.0,0.0,0.0,0.0,0.0,0.0,0.0,12.2
1.0,0.44881731253145446,1556.0,0.0,10.0,6.1,340.0,350.0,5.8,6.3,0.0,0.0,0.0,0.0,0.0,0.0,0.0,0.0,0.0,13.3
2.0,0.44881731253145446,1508.0,0.0,14.4,11.7,340.0,340.0,4.9,6.3,0.0,0.0,0.0,0.0,0.0,0.0,0.0,0.0,0.0,17.2
1.4,0.44881731253145446,1455.0,0.0,0.0,8.3,0.0,0.0,0.0,0.0,0.0,0.0,0.0,0.0,0.0,0.0,0.0,0.0,0.0,19.4
2.1,0.44881731253145446,1535.0,0.0,14.4,10.0,360.0,350.0,6.7,7.2,0.0,0.0,0.0,0.0,0.0,0.0,0.0,0.0,0.0,18.3
3.5,0.44881731253145446,0.0,0.0,0.0,14.4,350.0,350.0,8.9,10.3,0.0,0.0,0.0,0.0,0.0,0.0,0.0,0.0,0.0,23.9
1.4,0.44881731253145446,1154.0,0.0,0.0,3.3,340.0,350.0,5.8,7.2,0.0,0.0,0.0,0.0,0.0,0.0,0.0,0.0,0.0,13.9
3.0,0.44881731253145446,1500.0,0.0,0.0,13.3,340.0,350.0,8.1,10.3,0.0,0.0,0.0,0.0,0.0,0.0,0.0,0.0,0.0,26.1
1.4,0.44881731253145446,1820.0,0.0,0.0,2.8,350.0,340.0,5.4,6.3,0.0,0.0,0.0,0.0,0.0,0.0,0.0,0.0,0.0,19.4
2.3,0.44881731253145446,2308.0,0.8,9.4,5.0,140.0,150.0,5.4,6.7,0.0,0.0,0.0,0.0,0.0,0.0,0.0,0.0,0.0,13.9
2.5,0.44881731253145446,1618.0,1.3,17.2,11.7,340.0,330.0,6.7,8.0,0.0,0.0,0.0,0.0,0.0,0.0,0.0,0.0,0.0,22.2
3.9,0.44881731253145446,1248.0,0.0,16.7,11.1,350.0,350.0,10.3,11.2,0.0,0.0,0.0,0.0,0.0,0.0,0.0,0.0,0.0,21.7
2.3,0.44881731253145446,1555.0,0.0,0.0,16.1,0.0,0.0,0.0,0.0,0.0,0.0,0.0,0.0,0.0,0.0,0.0,0.0,0.0,25.6
2.0,0.44881731253145446,1755.0,1.5,0.0,11.7,0.0,0.0,0.0,0.0,1.0,0.0,0.0,0.0,0.0,0.0,0.0,0.0,1.0,15.0
5.5,0.44881731253145446,1117.0,0.0,10.6,6.1,350.0,360.0,10.3,11.2,0.0,0.0,0.0,0.0,0.0,0.0,0.0,0.0,0.0,15.0
3.0,0.44881731253145446,0.0,0.0,0.0,0.0,0.0,0.0,0.0,0.0,0.0,0.0,0.0,0.0,0.0,0.0,0.0,0.0,0.0,0.0
0.0,0.44881731253145446,0.0,0.0,0.0,0.0,0.0,0.0,0.0,0.0,0.0,0.0,0.0,0.0,0.0,0.0,0.0,0.0,0.0,0.0
0.9,0.44881731253145446,1721.0,0.0,0.0,0.0,10.0,320.0,4.0,4.5,0.0,0.0,0.0,0.0,0.0,0.0,0.0,0.0,0.0,13.3
2.4,0.44881731253145446,1703.0,0.0,0.0,8.9,330.0,340.0,6.7,9.8,0.0,0.0,0.0,0.0,0.0,0.0,0.0,0.0,0.0,25.6
3.0,0.44881731253145446,1455.0,0.0,0.0,10.6,0.0,0.0,0.0,0.0,0.0,0.0,0.0,0.0,0.0,0.0,0.0,0.0,0.0,24.4
1.9,0.44881731253145446,0.0,0.0,0.0,8.9,180.0,200.0,6.3,8.9,1.0,0.0,0.0,0.0,0.0,0.0,0.0,0.0,0.0,17.2
2.7,0.44881731253145446,1536.0,0.0,19.4,13.3,340.0,340.0,7.2,8.9,0.0,0.0,0.0,0.0,0.0,0.0,0.0,0.0,0.0,25.6
1.3,0.44881731253145446,0.0,0.0,0.0,5.0,340.0,30.0,5.4,6.7,0.0,0.0,0.0,0.0,0.0,0.0,1.0,0.0,0.0,14.4
2.6,0.44881731253145446,1549.0,0.0,0.0,15.6,340.0,340.0,7.2,8.9,0.0,0.0,0.0,0.0,0.0,0.0,0.0,0.0,0.0,20.6
3.1,0.44881731253145446,0.0,0.0,0.0,0.0,350.0,360.0,7.6,9.8,0.0,0.0,0.0,0.0,0.0,0.0,0.0,0.0,0.0,0.0
1.5,0.44881731253145446,1527.0,0.0,0.0,7.8,340.0,340.0,7.6,10.3,0.0,0.0,0.0,0.0,0.0,0.0,0.0,0.0,0.0,20.0
1.4,0.44881731253145446,1716.0,0.0,0.0,12.2,350.0,350.0,5.8,6.7,0.0,0.0,0.0,0.0,0.0,0.0,0.0,0.0,0.0,17.8
2.3,0.44881731253145446,1455.0,0.0,0.0,16.1,0.0,0.0,0.0,0.0,0.0,0.0,0.0,0.0,0.0,0.0,0.0,0.0,0.0,27.8
2.5,0.44881731253145446,1749.0,0.0,17.2,14.4,340.0,280.0,7.2,8.0,0.0,0.0,0.0,0.0,0.0,0.0,0.0,0.0,0.0,20.0
1.6,0.44881731253145446,0.0,0.3,0.0,10.0,340.0,350.0,5.4,6.7,0.0,0.0,0.0,0.0,0.0,0.0,0.0,0.0,0.0,16.7
3.4,0.44881731253145446,1220.0,8.4,0.0,7.8,330.0,320.0,9.8,14.3,1.0,0.0,0.0,0.0,0.0,0.0,0.0,0.0,0.0,12.2
3.1,0.44881731253145446,1743.0,0.0,0.0,13.3,340.0,340.0,6.7,8.1,0.0,0.0,0.0,0.0,0.0,0.0,0.0,0.0,0.0,25.6
1.8,0.44881731253145446,1455.0,0.0,0.0,8.3,0.0,0.0,0.0,0.0,0.0,0.0,0.0,0.0,0.0,0.0,0.0,0.0,0.0,17.2
3.0,0.44881731253145446,0.0,0.0,0.0,0.0,0.0,0.0,0.0,0.0,0.0,0.0,0.0,0.0,0.0,0.0,0.0,0.0,0.0,0.0
2.5,0.44881731253145446,1516.0,0.0,21.1,15.6,340.0,340.0,6.7,7.6,0.0,0.0,0.0,0.0,0.0,0.0,0.0,0.0,0.0,26.1
3.9,0.44881731253145446,1538.0,0.0,16.7,12.2,340.0,340.0,11.2,12.5,0.0,0.0,0.0,0.0,0.0,0.0,0.0,0.0,0.0,21.1
2.3,0.44881731253145446,1455.0,0.0,0.0,14.4,0.0,0.0,0.0,0.0,0.0,0.0,0.0,0.0,0.0,0.0,0.0,0.0,0.0,23.3
1.2,0.44881731253145446,1630.0,0.0,12.8,9.4,270.0,270.0,4.5,5.4,0.0,0.0,0.0,0.0,0.0,0.0,0.0,0.0,0.0,16.1
0.0,0.44881731253145446,0.0,0.0,0.0,0.0,0.0,0.0,0.0,0.0,0.0,0.0,0.0,0.0,0.0,0.0,0.0,0.0,0.0,0.0
2.0,0.44881731253145446,1712.0,0.0,0.0,10.6,350.0,350.0,8.1,8.9,0.0,0.0,0.0,0.0,0.0,0.0,0.0,0.0,0.0,21.7
0.0,0.44881731253145446,0.0,0.0,0.0,-17.8,0.0,0.0,0.0,0.0,0.0,0.0,0.0,0.0,0.0,0.0,0.0,0.0,0.0,31.1
2.9,0.44881731253145446,1659.0,0.0,0.0,15.0,340.0,350.0,8.1,9.8,0.0,0.0,0.0,0.0,0.0,0.0,1.0,0.0,0.0,32.2
2.3,0.44881731253145446,1550.0,0.0,0.0,8.9,0.0,0.0,0.0,0.0,0.0,0.0,0.0,0.0,0.0,0.0,0.0,0.0,0.0,16.7
3.6,0.44881731253145446,0.0,0.0,0.0,15.0,10.0,360.0,8.1,9.4,0.0,0.0,0.0,0.0,0.0,0.0,0.0,0.0,0.0,26.1
1.0,0.44881731253145446,1247.0,0.0,14.4,12.2,340.0,340.0,4.0,4.5,0.0,0.0,0.0,0.0,0.0,0.0,0.0,0.0,0.0,16.7
3.1,0.44881731253145446,1135.0,2.3,11.1,8.3,200.0,210.0,7.2,9.8,0.0,0.0,0.0,0.0,0.0,0.0,0.0,0.0,0.0,13.9
2.4,0.44881731253145446,831.0,0.0,0.0,5.0,20.0,30.0,7.6,9.8,0.0,0.0,0.0,0.0,0.0,0.0,0.0,0.0,0.0,17.8
3.3,0.44881731253145446,0.0,0.0,0.0,0.0,0.0,0.0,0.0,0.0,0.0,0.0,0.0,0.0,0.0,0.0,0.0,0.0,0.0,0.0
2.2,0.44881731253145446,0.0,0.0,0.0,13.9,350.0,360.0,7.2,8.5,0.0,0.0,0.0,0.0,0.0,0.0,0.0,0.0,0.0,27.8
3.1,0.44881731253145446,0.0,0.0,0.0,16.1,350.0,350.0,8.9,9.8,0.0,0.0,0.0,0.0,0.0,0.0,0.0,0.0,0.0,30.0
2.6,0.44881731253145446,1016.0,0.0,0.0,8.9,20.0,20.0,8.1,10.3,0.0,0.0,0.0,0.0,0.0,0.0,0.0,0.0,0.0,19.4
0.6,0.44881731253145446,0.0,0.0,0.0,6.1,350.0,350.0,4.0,4.5,0.0,0.0,0.0,0.0,0.0,0.0,1.0,0.0,0.0,21.1
3.4,0.44881731253145446,1643.0,0.0,0.0,12.2,350.0,350.0,9.4,10.7,1.0,0.0,0.0,0.0,0.0,0.0,1.0,0.0,0.0,20.6
3.2,0.44881731253145446,0.0,4.3,0.0,5.6,270.0,280.0,10.7,13.9,1.0,0.0,0.0,0.0,0.0,0.0,0.0,0.0,0.0,15.6
0.9,0.44881731253145446,1555.0,0.0,0.0,3.9,0.0,0.0,0.0,0.0,0.0,0.0,0.0,0.0,0.0,0.0,0.0,0.0,0.0,17.2
2.4,0.44881731253145446,0.0,0.0,0.0,13.9,350.0,360.0,6.7,8.5,0.0,0.0,0.0,0.0,0.0,0.0,0.0,0.0,0.0,20.6
2.6,0.44881731253145446,1548.0,0.0,0.0,14.4,340.0,340.0,7.2,8.9,0.0,0.0,0.0,0.0,0.0,0.0,0.0,0.0,0.0,26.7
2.0,0.44881731253145446,1555.0,0.0,0.0,10.0,0.0,0.0,0.0,0.0,0.0,0.0,0.0,0.0,0.0,0.0,0.0,0.0,0.0,18.3
2.3,0.44881731253145446,0.0,0.0,0.0,17.8,330.0,330.0,6.3,8.5,0.0,0.0,0.0,0.0,0.0,0.0,0.0,0.0,0.0,26.7
3.1,0.44881731253145446,1358.0,0.0,0.0,8.3,360.0,350.0,8.9,11.6,0.0,0.0,0.0,0.0,0.0,0.0,0.0,0.0,0.0,20.6
3.9,0.44881731253145446,0.0,0.0,0.0,12.8,350.0,350.0,8.9,10.7,0.0,0.0,0.0,0.0,0.0,0.0,0.0,0.0,0.0,19.4
3.8,0.44881731253145446,1352.0,0.0,16.1,12.2,350.0,350.0,9.4,10.7,0.0,0.0,0.0,0.0,0.0,0.0,0.0,0.0,0.0,20.0
2.3,0.44881731253145446,1642.0,0.0,0.0,15.0,0.0,0.0,0.0,0.0,1.0,0.0,0.0,0.0,0.0,0.0,0.0,0.0,0.0,23.9
1.5,0.44881731253145446,1521.0,0.0,12.8,6.1,340.0,310.0,4.5,5.8,0.0,0.0,0.0,0.0,0.0,0.0,0.0,0.0,0.0,18.9
0.0,0.44881731253145446,0.0,0.0,0.0,0.0,0.0,0.0,0.0,0.0,0.0,0.0,0.0,0.0,0.0,0.0,0.0,0.0,0.0,0.0
2.9,0.44881731253145446,1415.0,0.0,0.0,17.2,0.0,0.0,0.0,0.0,0.0,0.0,0.0,0.0,0.0,0.0,0.0,0.0,0.0,26.1
2.3,0.44881731253145446,1755.0,0.0,0.0,12.2,0.0,0.0,0.0,0.0,1.0,0.0,0.0,0.0,0.0,0.0,0.0,0.0,0.0,23.3
3.4,0.44881731253145446,0.0,0.0,0.0,13.3,350.0,350.0,10.3,11.2,0.0,0.0,0.0,0.0,0.0,0.0,0.0,0.0,0.0,23.9
2.9,0.44881731253145446,1529.0,0.0,19.4,13.3,350.0,350.0,8.0,9.8,0.0,0.0,0.0,0.0,0.0,0.0,0.0,0.0,0.0,25.6
0.5,0.44881731253145446,1428.0,0.0,0.0,4.4,350.0,350.0,3.1,3.6,0.0,0.0,0.0,0.0,0.0,0.0,1.0,0.0,0.0,19.4
1.6,0.44881731253145446,1212.0,0.0,0.0,8.3,0.0,0.0,0.0,0.0,0.0,0.0,0.0,0.0,0.0,0.0,0.0,0.0,0.0,22.8
4.6,0.44881731253145446,1750.0,0.0,12.2,7.2,320.0,300.0,8.0,10.3,0.0,0.0,0.0,0.0,0.0,0.0,0.0,0.0,0.0,16.7
2.2,0.44881731253145446,0.0,0.0,0.0,8.9,20.0,30.0,7.2,9.4,0.0,0.0,0.0,0.0,0.0,0.0,0.0,0.0,0.0,21.1
1.6,0.44881731253145446,1908.0,6.9,0.0,8.3,0.0,0.0,0.0,0.0,0.0,0.0,0.0,0.0,0.0,0.0,0.0,0.0,0.0,15.0
2.3,0.44881731253145446,1517.0,0.0,15.0,8.3,340.0,350.0,7.2,8.0,0.0,0.0,0.0,0.0,0.0,0.0,0.0,0.0,0.0,21.1
2.6,0.44881731253145446,1506.0,0.0,25.0,16.1,340.0,340.0,7.6,8.9,0.0,0.0,0.0,0.0,0.0,0.0,0.0,0.0,0.0,33.9
1.8,0.44881731253145446,1805.0,0.0,0.0,14.4,330.0,340.0,5.8,7.6,0.0,0.0,0.0,0.0,0.0,0.0,0.0,0.0,0.0,31.7
2.7,0.44881731253145446,0.0,0.0,0.0,12.8,290.0,20.0,5.8,8.1,0.0,0.0,0.0,0.0,0.0,0.0,0.0,0.0,0.0,18.3
0.6,0.44881731253145446,0.0,0.0,0.0,6.1,10.0,80.0,3.6,5.4,0.0,0.0,0.0,0.0,0.0,0.0,0.0,0.0,0.0,21.1
1.7,0.44881731253145446,0.0,0.5,0.0,13.9,320.0,320.0,6.3,8.1,1.0,0.0,0.0,0.0,0.0,0.0,0.0,0.0,0.0,21.1
0.0,0.44881731253145446,0.0,0.0,0.0,13.3,0.0,0.0,0.0,0.0,0.0,0.0,0.0,0.0,0.0,0.0,0.0,0.0,0.0,25.0
0.9,0.44881731253145446,1209.0,0.0,0.0,4.4,350.0,350.0,4.5,5.4,0.0,0.0,0.0,0.0,0.0,0.0,0.0,0.0,0.0,15.6
3.3,0.44881731253145446,0.0,0.0,0.0,15.0,320.0,320.0,7.2,8.9,0.0,0.0,0.0,0.0,0.0,0.0,0.0,0.0,0.0,27.8
2.7,0.44881731253145446,0.0,0.0,0.0,13.3,350.0,350.0,8.9,10.3,0.0,0.0,0.0,0.0,0.0,0.0,0.0,0.0,0.0,23.9
1.7,0.44881731253145446,1536.0,0.0,0.0,11.1,340.0,340.0,6.7,7.6,1.0,0.0,0.0,0.0,0.0,0.0,0.0,0.0,0.0,21.1
1.4,0.44881731253145446,1737.0,0.0,16.7,8.9,340.0,330.0,4.5,4.5,0.0,0.0,0.0,0.0,0.0,0.0,0.0,0.0,0.0,23.9
3.1,0.44881731253145446,1542.0,0.0,0.0,15.6,350.0,350.0,7.2,9.4,0.0,0.0,0.0,0.0,0.0,0.0,0.0,0.0,0.0,23.3
1.9,0.44881731253145446,1533.0,0.0,0.0,14.4,340.0,350.0,6.7,7.6,0.0,0.0,0.0,0.0,0.0,0.0,0.0,0.0,0.0,25.6
2.6,0.44881731253145446,1819.0,1.3,0.0,7.8,20.0,10.0,7.6,9.4,1.0,0.0,0.0,0.0,0.0,0.0,0.0,0.0,0.0,12.8
2.2,0.44881731253145446,1409.0,0.0,0.0,6.1,350.0,340.0,8.1,10.7,0.0,0.0,0.0,0.0,0.0,0.0,0.0,0.0,0.0,14.4
1.4,0.44881731253145446,1655.0,0.0,0.0,13.3,0.0,0.0,0.0,0.0,0.0,0.0,0.0,0.0,0.0,0.0,0.0,0.0,0.0,26.1
2.2,0.44881731253145446,1647.0,0.0,15.6,8.9,350.0,340.0,8.0,8.9,0.0,0.0,0.0,0.0,0.0,0.0,0.0,0.0,0.0,21.7
1.3,0.44881731253145446,0.0,0.5,0.0,6.7,350.0,350.0,5.4,6.3,0.0,0.0,0.0,0.0,0.0,0.0,0.0,0.0,0.0,15.6
4.0,0.44881731253145446,1502.0,0.0,0.0,16.1,350.0,350.0,10.3,12.5,0.0,0.0,0.0,0.0,0.0,0.0,0.0,0.0,0.0,25.0
1.2,0.44881731253145446,1555.0,0.0,0.0,3.9,0.0,0.0,0.0,0.0,0.0,0.0,0.0,0.0,0.0,0.0,0.0,0.0,0.0,15.0
2.0,0.44881731253145446,1555.0,0.0,0.0,14.4,0.0,0.0,0.0,0.0,0.0,0.0,0.0,0.0,0.0,0.0,0.0,0.0,0.0,28.9
2.1,0.44881731253145446,1708.0,0.0,22.8,14.4,340.0,330.0,7.2,8.9,0.0,0.0,0.0,0.0,0.0,0.0,0.0,0.0,0.0,31.1
2.5,0.44881731253145446,1743.0,0.0,18.9,11.7,340.0,340.0,6.7,7.6,0.0,0.0,0.0,0.0,0.0,0.0,0.0,0.0,0.0,26.1
3.9,0.44881731253145446,0.0,0.0,0.0,0.0,0.0,0.0,0.0,0.0,0.0,0.0,0.0,0.0,0.0,0.0,0.0,0.0,0.0,0.0
0.5,0.44881731253145446,1455.0,0.0,0.0,3.3,340.0,340.0,4.5,5.4,0.0,0.0,0.0,0.0,0.0,0.0,0.0,0.0,0.0,16.7
2.3,0.44881731253145446,0.0,0.0,0.0,9.4,150.0,140.0,5.8,7.6,1.0,0.0,0.0,0.0,0.0,0.0,0.0,0.0,0.0,20.0
2.0,0.44881731253145446,1507.0,0.0,0.0,8.3,0.0,0.0,0.0,0.0,0.0,0.0,0.0,0.0,0.0,0.0,0.0,0.0,0.0,20.0
2.4,0.44881731253145446,0.0,0.8,0.0,6.7,270.0,270.0,8.1,10.7,0.0,0.0,0.0,0.0,0.0,0.0,0.0,0.0,0.0,16.7
3.7,0.44881731253145446,0.0,0.0,0.0,11.7,340.0,340.0,9.4,11.2,0.0,0.0,0.0,0.0,0.0,0.0,0.0,0.0,0.0,17.2
1.7,0.44881731253145446,0.0,0.0,0.0,8.9,340.0,340.0,6.7,8.1,0.0,0.0,0.0,0.0,0.0,0.0,0.0,0.0,0.0,18.9
2.0,0.44881731253145446,1420.0,0.0,22.2,12.8,350.0,350.0,7.6,8.9,0.0,0.0,0.0,0.0,0.0,0.0,0.0,0.0,0.0,31.1
0.9,0.44881731253145446,1346.0,0.0,0.0,4.4,360.0,350.0,3.6,4.5,1.0,0.0,0.0,0.0,0.0,0.0,1.0,0.0,0.0,13.3
1.7,0.44881731253145446,1555.0,0.0,0.0,8.3,0.0,0.0,0.0,0.0,0.0,0.0,0.0,0.0,0.0,0.0,0.0,0.0,0.0,22.2
5.0,0.44881731253145446,0.0,1.3,0.0,11.7,140.0,130.0,11.6,16.1,1.0,0.0,0.0,0.0,0.0,0.0,0.0,0.0,0.0,15.0
2.5,0.44881731253145446,1655.0,0.0,0.0,15.6,0.0,0.0,0.0,0.0,0.0,0.0,0.0,0.0,0.0,0.0,0.0,0.0,0.0,27.8
4.3,0.44881731253145446,1331.0,0.0,0.0,12.8,340.0,340.0,9.8,11.6,0.0,0.0,0.0,0.0,0.0,0.0,0.0,0.0,0.0,20.6
1.8,0.44881731253145446,1521.0,0.0,10.6,5.0,300.0,320.0,4.5,6.3,0.0,0.0,0.0,0.0,0.0,0.0,0.0,0.0,0.0,16.1
1.2,0.44881731253145446,1650.0,0.0,0.0,4.4,0.0,0.0,0.0,0.0,0.0,0.0,0.0,0.0,0.0,0.0,0.0,0.0,0.0,16.7
3.6,0.44881731253145446,1526.0,0.0,0.0,12.2,340.0,340.0,8.9,10.7,0.0,0.0,0.0,0.0,0.0,0.0,0.0,0.0,0.0,21.7
0.6,0.44881731253145446,1516.0,0.0,0.0,3.9,0.0,0.0,0.0,0.0,1.0,0.0,0.0,0.0,0.0,0.0,1.0,0.0,0.0,21.7
1.3,0.44881731253145446,1814.0,0.0,13.9,6.1,320.0,330.0,5.4,7.2,0.0,0.0,0.0,0.0,0.0,0.0,0.0,0.0,0.0,21.7
3.4,0.44881731253145446,2358.0,2.5,0.0,9.4,350.0,150.0,7.6,10.7,1.0,0.0,0.0,0.0,0.0,0.0,0.0,0.0,0.0,17.2
2.5,0.44881731253145446,1541.0,0.0,21.1,16.1,350.0,350.0,8.0,9.4,0.0,0.0,0.0,0.0,0.0,0.0,0.0,0.0,0.0,26.1
2.8,0.44881731253145446,1701.0,0.0,21.7,13.9,350.0,340.0,7.6,8.9,0.0,0.0,0.0,0.0,0.0,0.0,0.0,0.0,0.0,28.9
1.6,0.44881731253145446,0.0,0.0,0.0,0.0,0.0,0.0,0.0,0.0,0.0,0.0,0.0,0.0,0.0,0.0,0.0,0.0,0.0,0.0
2.7,0.44881731253145446,1045.0,28.2,13.9,10.6,240.0,230.0,8.0,10.7,0.0,0.0,0.0,0.0,0.0,0.0,0.0,0.0,0.0,17.2
2.1,0.44881731253145446,1017.0,0.0,0.0,6.7,360.0,20.0,7.2,9.4,0.0,0.0,0.0,0.0,0.0,0.0,0.0,0.0,0.0,21.1
3.3,0.44881731253145446,0.0,0.0,0.0,13.3,340.0,350.0,7.6,8.9,0.0,0.0,0.0,0.0,0.0,0.0,0.0,0.0,0.0,19.4
2.5,0.44881731253145446,1518.0,0.0,0.0,16.7,0.0,0.0,0.0,0.0,0.0,0.0,0.0,0.0,0.0,0.0,0.0,0.0,0.0,23.9
2.2,0.44881731253145446,1827.0,0.3,0.0,15.0,340.0,350.0,6.3,6.7,1.0,0.0,0.0,0.0,0.0,0.0,1.0,0.0,0.0,21.1
3.3,0.44881731253145446,0.0,0.0,0.0,15.0,350.0,330.0,9.4,11.2,0.0,0.0,0.0,0.0,0.0,0.0,0.0,0.0,0.0,30.0
3.1,0.44881731253145446,1702.0,0.0,18.3,14.4,350.0,340.0,7.2,8.0,0.0,0.0,0.0,0.0,0.0,0.0,0.0,0.0,0.0,22.2
0.5,0.44881731253145446,1624.0,0.3,13.9,7.8,320.0,310.0,3.6,4.0,0.0,0.0,0.0,0.0,0.0,0.0,0.0,0.0,0.0,20.0
1.3,0.44881731253145446,0.0,0.0,0.0,6.7,100.0,90.0,7.2,8.1,0.0,0.0,0.0,0.0,0.0,0.0,0.0,0.0,0.0,14.4
2.8,0.44881731253145446,0.0,0.0,0.0,20.0,350.0,350.0,8.1,9.8,0.0,0.0,0.0,0.0,0.0,0.0,0.0,0.0,0.0,29.4
1.6,0.44881731253145446,557.0,0.0,13.9,8.3,30.0,30.0,7.2,8.0,0.0,0.0,0.0,0.0,0.0,0.0,0.0,0.0,0.0,19.4
3.2,0.44881731253145446,704.0,6.9,11.1,8.3,130.0,120.0,7.6,9.8,0.0,0.0,0.0,0.0,0.0,0.0,0.0,0.0,0.0,13.9
1.3,0.44881731253145446,1026.0,0.0,0.0,11.1,20.0,330.0,5.4,12.5,0.0,0.0,0.0,0.0,0.0,0.0,0.0,0.0,0.0,26.7
2.3,0.44881731253145446,0.0,0.0,0.0,11.1,350.0,350.0,8.1,9.8,0.0,0.0,0.0,0.0,0.0,0.0,0.0,0.0,0.0,25.6
3.0,0.44881731253145446,0.0,0.0,0.0,0.0,0.0,0.0,0.0,0.0,0.0,0.0,0.0,0.0,0.0,0.0,0.0,0.0,0.0,0.0
0.7,0.44881731253145446,1648.0,0.0,11.1,5.0,270.0,340.0,2.7,3.1,0.0,0.0,0.0,0.0,0.0,0.0,0.0,0.0,0.0,17.2
2.0,0.44881731253145446,1639.0,0.0,8.9,3.9,340.0,330.0,6.3,7.6,0.0,0.0,0.0,0.0,0.0,0.0,0.0,0.0,0.0,13.3
2.4,0.44881731253145446,1822.0,0.0,20.0,14.4,330.0,320.0,4.9,6.3,0.0,0.0,0.0,0.0,0.0,0.0,0.0,0.0,0.0,25.6
1.8,0.44881731253145446,2336.0,0.0,16.7,11.7,300.0,300.0,4.5,6.3,0.0,0.0,0.0,0.0,0.0,0.0,0.0,0.0,0.0,21.7
2.1,0.44881731253145446,0.0,0.0,0.0,8.3,340.0,350.0,7.6,9.4,0.0,0.0,0.0,0.0,0.0,0.0,0.0,0.0,0.0,23.3
3.2,0.44881731253145446,0.0,0.0,0.0,16.1,360.0,360.0,10.7,12.5,0.0,0.0,0.0,0.0,0.0,0.0,0.0,0.0,0.0,25.0
3.3,0.44881731253145446,1711.0,0.0,0.0,14.4,340.0,350.0,7.2,9.4,1.0,0.0,0.0,0.0,0.0,0.0,1.0,0.0,0.0,22.2
2.2,0.44881731253145446,0.0,0.0,0.0,8.9,350.0,360.0,7.2,8.1,0.0,0.0,0.0,0.0,0.0,0.0,0.0,0.0,0.0,23.9
2.3,0.44881731253145446,0.0,0.0,0.0,6.7,40.0,50.0,7.2,10.7,0.0,0.0,0.0,0.0,0.0,0.0,0.0,0.0,0.0,23.3
1.4,0.44881731253145446,0.0,0.0,0.0,7.8,350.0,340.0,5.4,6.7,0.0,0.0,0.0,0.0,0.0,0.0,0.0,0.0,0.0,21.7
1.3,0.44881731253145446,1755.0,0.0,0.0,6.1,0.0,0.0,0.0,0.0,0.0,0.0,0.0,0.0,0.0,0.0,0.0,0.0,0.0,19.4
3.4,0.44881731253145446,1559.0,0.0,17.8,15.0,350.0,340.0,7.6,8.9,0.0,0.0,0.0,0.0,0.0,0.0,0.0,0.0,0.0,20.0
0.8,0.44881731253145446,1126.0,0.0,7.2,2.2,350.0,350.0,4.5,5.4,0.0,0.0,0.0,0.0,0.0,0.0,0.0,0.0,0.0,12.2
2.1,0.44881731253145446,0.0,0.0,0.0,2.2,10.0,10.0,8.1,9.8,1.0,0.0,0.0,0.0,0.0,0.0,1.0,0.0,0.0,13.3
3.2,0.44881731253145446,0.0,0.0,0.0,14.4,340.0,350.0,7.6,8.9,0.0,0.0,0.0,0.0,0.0,0.0,0.0,0.0,0.0,27.8
2.3,0.44881731253145446,1759.0,0.0,0.0,1.7,30.0,30.0,8.1,9.4,0.0,0.0,0.0,0.0,0.0,0.0,0.0,0.0,0.0,11.7
2.9,0.44881731253145446,0.0,0.0,0.0,11.7,350.0,350.0,8.1,9.8,0.0,0.0,0.0,0.0,0.0,0.0,0.0,0.0,0.0,19.4
1.6,0.44881731253145446,0.0,0.0,0.0,13.9,350.0,350.0,6.7,7.2,1.0,0.0,0.0,0.0,0.0,0.0,1.0,0.0,0.0,22.8
1.0,0.44881731253145446,0.0,0.0,0.0,4.4,320.0,320.0,4.5,5.4,0.0,0.0,0.0,0.0,0.0,0.0,1.0,0.0,0.0,16.1
0.9,0.44881731253145446,1518.0,0.0,11.1,4.4,340.0,340.0,5.8,6.3,0.0,0.0,0.0,0.0,0.0,0.0,0.0,0.0,0.0,17.2
2.6,0.44881731253145446,0.0,0.0,0.0,12.2,200.0,240.0,5.8,8.9,0.0,0.0,0.0,0.0,0.0,0.0,0.0,0.0,0.0,23.3
2.6,0.44881731253145446,1451.0,0.0,21.1,16.1,350.0,350.0,8.9,9.8,0.0,0.0,0.0,0.0,0.0,0.0,0.0,0.0,0.0,26.1
2.9,0.44881731253145446,1444.0,0.0,19.4,13.9,340.0,340.0,8.9,10.3,0.0,0.0,0.0,0.0,0.0,0.0,0.0,0.0,0.0,24.4
2.6,0.44881731253145446,0.0,0.0,0.0,13.3,350.0,350.0,6.3,7.2,0.0,0.0,0.0,0.0,0.0,0.0,0.0,0.0,0.0,23.9
2.5,0.44881731253145446,1825.0,0.0,12.8,11.7,340.0,290.0,5.4,6.3,0.0,0.0,0.0,0.0,0.0,0.0,0.0,0.0,0.0,13.9
3.6,0.44881731253145446,0.0,0.0,0.0,0.0,360.0,350.0,7.2,8.9,0.0,0.0,0.0,0.0,0.0,0.0,0.0,0.0,0.0,0.0
2.1,0.44881731253145446,0.0,0.0,0.0,10.6,110.0,120.0,5.8,7.2,0.0,0.0,0.0,0.0,0.0,0.0,0.0,0.0,0.0,17.2
0.9,0.44881731253145446,0.0,0.0,0.0,8.3,360.0,40.0,4.0,5.8,0.0,0.0,0.0,0.0,0.0,0.0,0.0,0.0,0.0,25.0
3.8,0.44881731253145446,1612.0,1.3,12.8,9.4,270.0,270.0,8.9,11.2,0.0,0.0,0.0,0.0,0.0,0.0,0.0,0.0,0.0,15.6
1.9,0.44881731253145446,1212.0,0.3,0.0,5.0,130.0,130.0,6.3,8.1,0.0,0.0,0.0,0.0,0.0,0.0,0.0,0.0,0.0,16.7
2.2,0.44881731253145446,0.0,0.0,0.0,2.2,290.0,270.0,7.2,9.4,0.0,0.0,0.0,0.0,0.0,0.0,0.0,0.0,0.0,13.9
1.3,0.44881731253145446,1138.0,2.8,0.0,-1.6,350.0,360.0,4.5,5.8,1.0,0.0,0.0,0.0,0.0,0.0,0.0,0.0,0.0,10.6
3.2,0.44881731253145446,1530.0,0.0,18.9,14.4,340.0,340.0,10.3,11.6,0.0,0.0,0.0,0.0,0.0,0.0,0.0,0.0,0.0,23.3
3.7,0.44881731253145446,1643.0,0.0,21.1,16.7,340.0,340.0,8.0,8.9,0.0,0.0,0.0,0.0,0.0,0.0,0.0,0.0,0.0,25.6
1.4,0.44881731253145446,1302.0,0.3,12.8,8.9,360.0,350.0,4.5,5.4,0.0,0.0,0.0,0.0,0.0,0.0,0.0,0.0,0.0,16.7
0.6,0.44881731253145446,0.0,0.0,0.0,6.1,340.0,330.0,4.5,5.8,0.0,0.0,0.0,0.0,0.0,0.0,0.0,0.0,0.0,22.2
3.3,0.44881731253145446,0.0,0.0,0.0,12.2,320.0,330.0,8.9,13.0,0.0,0.0,0.0,0.0,0.0,0.0,0.0,0.0,0.0,25.0
2.1,0.44881731253145446,1555.0,0.0,0.0,14.4,0.0,0.0,0.0,0.0,1.0,0.0,0.0,0.0,0.0,0.0,1.0,0.0,0.0,22.8
0.5,0.44881731253145446,0.0,0.0,0.0,0.0,350.0,350.0,3.1,3.6,0.0,0.0,0.0,0.0,0.0,0.0,1.0,0.0,0.0,14.4
3.3,0.44881731253145446,1555.0,0.0,0.0,12.8,340.0,340.0,9.4,11.2,0.0,0.0,0.0,0.0,0.0,0.0,0.0,0.0,0.0,24.4
3.8,0.44881731253145446,1626.0,0.0,19.4,14.4,340.0,340.0,7.6,8.9,0.0,0.0,0.0,0.0,0.0,0.0,0.0,0.0,0.0,23.9
4.1,0.44881731253145446,903.0,16.0,0.0,15.6,130.0,130.0,9.8,13.4,1.0,0.0,0.0,0.0,0.0,0.0,0.0,0.0,0.0,19.4
3.1,0.44881731253145446,1552.0,0.0,0.0,11.7,340.0,340.0,10.3,12.5,0.0,0.0,0.0,0.0,0.0,0.0,0.0,0.0,0.0,23.9
2.6,0.44881731253145446,1616.0,0.0,0.0,16.1,330.0,350.0,7.2,9.4,0.0,0.0,0.0,0.0,0.0,0.0,0.0,0.0,0.0,28.3
1.8,0.44881731253145446,1347.0,1.3,0.0,7.2,0.0,0.0,0.0,0.0,0.0,0.0,0.0,0.0,0.0,0.0,0.0,0.0,0.0,20.0
0.7,0.44881731253145446,1537.0,0.0,0.0,2.8,350.0,350.0,4.0,5.4,0.0,0.0,0.0,0.0,0.0,0.0,1.0,0.0,0.0,18.3
4.0,0.44881731253145446,1452.0,3.6,10.6,5.0,150.0,150.0,11.2,14.8,0.0,0.0,0.0,0.0,0.0,0.0,0.0,0.0,0.0,15.6
3.4,0.44881731253145446,1640.0,0.0,19.4,14.4,340.0,340.0,7.6,9.4,0.0,0.0,0.0,0.0,0.0,0.0,0.0,0.0,0.0,24.4
3.0,0.44881731253145446,1629.0,0.0,15.0,8.3,340.0,350.0,7.2,8.0,0.0,0.0,0.0,0.0,0.0,0.0,0.0,0.0,0.0,21.7
3.2,0.44881731253145446,1511.0,0.0,20.6,15.0,340.0,340.0,6.7,8.0,0.0,0.0,0.0,0.0,0.0,0.0,0.0,0.0,0.0,25.6
2.1,0.44881731253145446,1622.0,0.0,0.0,18.3,340.0,350.0,7.2,9.4,0.0,0.0,0.0,0.0,0.0,0.0,0.0,0.0,0.0,34.4
2.8,0.44881731253145446,0.0,0.0,0.0,15.6,340.0,340.0,6.3,7.2,0.0,0.0,0.0,0.0,0.0,0.0,0.0,0.0,0.0,27.8
2.9,0.44881731253145446,1558.0,0.0,0.0,16.1,340.0,350.0,8.1,9.8,0.0,0.0,0.0,0.0,0.0,0.0,0.0,0.0,0.0,23.3
1.0,0.44881731253145446,0.0,0.0,0.0,6.7,10.0,330.0,3.6,4.5,0.0,0.0,0.0,0.0,0.0,0.0,0.0,0.0,0.0,19.4
3.4,0.44881731253145446,1427.0,0.0,17.8,13.3,350.0,340.0,9.8,10.7,0.0,0.0,0.0,0.0,0.0,0.0,0.0,0.0,0.0,22.2
0.7,0.44881731253145446,1816.0,0.0,0.0,3.9,250.0,260.0,3.1,3.6,0.0,0.0,0.0,0.0,0.0,0.0,0.0,0.0,0.0,21.7
1.8,0.44881731253145446,1607.0,0.0,0.0,12.8,0.0,0.0,0.0,0.0,0.0,0.0,0.0,0.0,0.0,0.0,0.0,0.0,0.0,21.1
0.6,0.44881731253145446,1300.0,0.0,0.0,5.6,0.0,0.0,0.0,0.0,0.0,0.0,0.0,0.0,0.0,0.0,0.0,0.0,0.0,14.4
2.6,0.44881731253145446,1623.0,0.0,0.0,16.1,340.0,340.0,9.4,11.2,0.0,0.0,0.0,0.0,0.0,0.0,0.0,0.0,0.0,23.9
3.8,0.44881731253145446,1335.0,0.0,0.0,14.4,340.0,350.0,10.7,13.0,0.0,0.0,0.0,0.0,0.0,0.0,0.0,0.0,0.0,24.4
2.5,0.44881731253145446,1451.0,0.0,0.0,15.6,0.0,0.0,0.0,0.0,1.0,0.0,0.0,0.0,0.0,0.0,0.0,0.0,0.0,22.2
3.5,0.44881731253145446,1703.0,0.0,15.0,10.0,350.0,350.0,8.0,9.4,0.0,0.0,0.0,0.0,0.0,0.0,0.0,0.0,0.0,19.4
3.2,0.44881731253145446,1205.0,0.0,16.7,10.6,350.0,350.0,10.7,13.0,0.0,0.0,0.0,0.0,0.0,0.0,0.0,0.0,0.0,22.8
1.9,0.44881731253145446,1700.0,0.0,13.3,6.7,340.0,350.0,7.2,7.6,0.0,0.0,0.0,0.0,0.0,0.0,0.0,0.0,0.0,20.0
2.5,0.44881731253145446,1655.0,0.0,0.0,13.3,0.0,0.0,0.0,0.0,0.0,0.0,0.0,0.0,0.0,0.0,0.0,0.0,0.0,21.1
0.0,0.44881731253145446,0.0,0.0,0.0,13.3,0.0,0.0,0.0,0.0,0.0,0.0,0.0,0.0,0.0,0.0,0.0,0.0,0.0,30.0
3.1,0.44881731253145446,0.0,0.0,0.0,16.7,340.0,350.0,9.8,11.2,1.0,0.0,0.0,0.0,0.0,0.0,0.0,0.0,0.0,26.1
